,class
5822,6
10298,11
5143,6
7890,8
3513,4
2815,3
7259,8
7985,8
11916,14
10635,11
8246,9
766,1
3782,4
7482,8
1144,1
11979,14
2510,3
8324,9
2273,3
2860,3
14436,17
10586,11
4864,5
14232,17
14262,17
8668,9
8451,9
4924,5
4532,5
6137,7
1672,2
11232,12
12615,15
9979,11
4055,5
7046,8
1808,2
2275,3
3761,4
7717,8
10510,11
9661,10
7762,8
2045,3
12627,15
12125,14
5113,6
1295,2
8337,9
4687,5
3952,4
6298,7
4317,5
14158,17
444,1
5519,6
858,1
4439,5
5321,6
841,1
6377,7
6692,7
13590,16
14077,17
994,1
6929,7
10417,11
1554,2
1973,2
1951,2
13839,17
14063,17
13722,17
11691,13
2513,3
5559,6
14477,17
2835,3
4700,5
2445,3
2233,3
3050,4
9809,10
400,1
14386,17
7293,8
5198,6
7416,8
9648,10
1023,1
3298,4
14611,17
8877,9
14335,17
12578,15
10761,11
13625,16
4241,5
5424,6
6307,7
7501,8
10654,11
7655,8
4080,5
803,1
1550,2
1009,1
14641,17
8496,9
2737,3
7839,8
5095,6
648,1
8626,9
2862,3
4975,5
6850,7
11732,13
8049,9
550,1
10997,12
5617,6
10450,11
211,1
12269,14
8358,9
1781,2
10715,11
3543,4
9457,10
1438,2
2515,3
2868,3
2434,3
5045,6
4792,5
10646,11
13387,16
6050,7
1314,2
9124,10
8204,9
8720,9
3979,4
12,0
11025,12
818,1
2784,3
10765,11
14543,17
453,1
1049,1
14227,17
1656,2
3457,4
6323,7
12826,16
13293,16
12737,16
5139,6
2908,3
13536,16
940,1
6442,7
8289,9
11293,13
7332,8
7662,8
9830,10
4634,5
7990,8
9301,10
6131,7
1400,2
10865,11
30,0
13037,16
3677,4
672,1
8256,9
7068,8
14261,17
13974,17
5466,6
8145,9
6389,7
8743,9
1108,1
11201,12
14076,17
3229,4
7654,8
9245,10
7828,8
3319,4
9815,10
5835,6
9393,10
9029,9
7749,8
13297,16
2553,3
4775,5
6086,7
2686,3
7092,8
10951,12
1563,2
6126,7
8618,9
3071,4
11406,13
12299,14
4474,5
7091,8
11609,13
10923,12
4856,5
5268,6
2853,3
14333,17
14248,17
11153,12
12073,14
7799,8
4601,5
12749,16
11728,13
13538,16
2213,3
4929,5
11731,13
10741,11
11699,13
7583,8
2111,3
12791,16
14633,17
6369,7
13318,16
7496,8
8768,9
8530,9
4446,5
13274,16
10995,12
7342,8
5026,5
28,0
13901,17
11772,14
12809,16
9812,10
355,1
1429,2
10835,11
10355,11
13078,16
12008,14
11672,13
332,1
5643,6
13263,16
7176,8
13124,16
4224,5
964,1
10612,11
120,0
4930,5
6223,7
5579,6
9293,10
7448,8
4710,5
3281,4
2370,3
5522,6
2544,3
9974,11
9079,10
2885,3
9826,10
2178,3
10196,11
4898,5
5153,6
1209,2
7588,8
11574,13
9390,10
7582,8
3123,4
12958,16
1544,2
7305,8
13966,17
10501,11
6952,7
9413,10
9897,11
13375,16
945,1
10471,11
4550,5
13350,16
11955,14
7584,8
8117,9
8866,9
13978,17
1675,2
9219,10
1561,2
11387,13
7319,8
7514,8
6044,7
4541,5
1782,2
6875,7
13159,16
1095,1
6597,7
10432,11
12235,14
3287,4
12129,14
677,1
6193,7
2605,3
1392,2
6688,7
12698,15
752,1
1711,2
3737,4
14361,17
12907,16
3215,4
797,1
12766,16
1777,2
4113,5
1770,2
13362,16
9957,11
12511,14
6695,7
3022,3
4228,5
13501,16
3012,3
14168,17
10398,11
5764,6
14676,17
4619,5
10767,11
9701,10
12589,15
9720,10
527,1
366,1
6098,7
13473,16
4264,5
4262,5
11282,13
1919,2
701,1
6170,7
14305,17
9201,10
5018,5
6407,7
4423,5
12123,14
4868,5
1298,2
6693,7
1352,2
2926,3
12252,14
11396,13
1287,2
8944,9
11054,12
12011,14
4350,5
8495,9
3697,4
2013,2
9811,10
4373,5
14627,17
5677,6
6558,7
11192,12
2147,3
8240,9
2705,3
5473,6
13552,16
2570,3
10734,11
13240,16
9451,10
9800,10
6959,7
10721,11
810,1
7110,8
5684,6
7975,8
312,1
2073,3
10199,11
11035,12
11651,13
885,1
1477,2
1790,2
14104,17
2008,2
3454,4
682,1
3895,4
10739,11
8610,9
8819,9
57,0
6343,7
13248,16
11203,12
2399,3
8241,9
14136,17
4126,5
8902,9
9085,10
1468,2
5761,6
1416,2
470,1
2358,3
2722,3
12036,14
6878,7
12519,14
12448,14
8630,9
4525,5
4610,5
6363,7
13812,17
6041,7
13937,17
3869,4
14082,17
12644,15
6379,7
9006,9
10325,11
11541,13
4674,5
1055,1
2281,3
10898,12
9252,10
6849,7
1924,2
4907,5
11018,12
13268,16
1075,1
1115,1
3936,4
3533,4
14118,17
460,1
3032,4
4207,5
13085,16
5841,6
8097,9
1452,2
2149,3
319,1
11791,14
7225,8
1922,2
14164,17
13477,16
14258,17
11843,14
11311,13
11705,13
13859,17
2129,3
6786,7
6300,7
8482,9
10679,11
12534,14
2509,3
1052,1
6152,7
1681,2
10063,11
4067,5
5024,5
1456,2
8971,9
361,1
8487,9
14078,17
8798,9
14487,17
3145,4
8146,9
8369,9
505,1
10198,11
7838,8
13081,16
10133,11
13332,16
11734,13
540,1
4235,5
5507,6
12433,14
12622,15
9640,10
13255,16
754,1
7785,8
2003,2
2542,3
6073,7
2918,3
14331,17
5218,6
9317,10
4271,5
5875,6
100,0
10575,11
6586,7
5362,6
4766,5
13745,17
4880,5
9052,10
601,1
11155,12
13098,16
6182,7
7466,8
14673,17
2431,3
8349,9
1044,1
11358,13
1557,2
5009,5
1487,2
11567,13
13502,16
8687,9
2115,3
5795,6
13041,16
11360,13
5491,6
10309,11
618,1
7360,8
8141,9
9336,10
14359,17
3396,4
1600,2
10057,11
10254,11
1615,2
1752,2
8526,9
2040,3
2083,3
8794,9
7685,8
6199,7
10515,11
13514,16
11031,12
5147,6
10944,12
675,1
2545,3
4371,5
12214,14
3999,4
13946,17
6014,6
5096,6
175,1
13982,17
2208,3
3609,4
11489,13
12696,15
3787,4
10735,11
10379,11
6458,7
2225,3
3049,4
296,1
1126,1
14518,17
13975,17
10708,11
2441,3
6750,7
1322,2
1603,2
4210,5
14161,17
12646,15
11752,14
4065,5
1294,2
5007,5
6069,7
6386,7
13728,17
10394,11
6760,7
4071,5
1507,2
1559,2
8008,8
5577,6
6584,7
8420,9
11949,14
7441,8
1836,2
5611,6
11390,13
13558,16
5335,6
1354,2
4141,5
7320,8
12953,16
4844,5
4723,5
6260,7
13152,16
3280,4
4032,5
1235,2
8282,9
10370,11
10341,11
13084,16
9886,11
2251,3
1025,1
11422,13
7012,7
13996,17
7765,8
14546,17
3397,4
313,1
636,1
6149,7
8396,9
9121,10
9362,10
12169,14
6647,7
12567,15
7821,8
2970,3
8296,9
8654,9
8459,9
3885,4
14109,17
11319,13
4771,5
9071,10
10489,11
6664,7
9063,10
11013,12
12485,14
11459,13
6058,7
1840,2
13347,16
1564,2
3673,4
8115,9
12711,16
4698,5
14644,17
3320,4
5192,6
2272,3
13796,17
6157,7
4254,5
4773,5
6575,7
9871,11
4709,5
847,1
7284,8
5544,6
5526,6
838,1
5461,6
8388,9
10890,12
10797,11
4597,5
5916,6
1417,2
5785,6
7700,8
3848,4
604,1
9161,10
12898,16
2078,3
9502,10
2311,3
8879,9
4343,5
1471,2
1982,2
10074,11
4466,5
199,1
485,1
3270,4
4724,5
9286,10
2823,3
4551,5
9522,10
5336,6
3245,4
4453,5
14639,17
5817,6
10968,12
3749,4
2202,3
8047,9
12345,14
2794,3
9910,11
11992,14
10121,11
524,1
10279,11
13583,16
947,1
11320,13
8631,9
11621,13
1280,2
122,0
4366,5
5885,6
9027,9
10919,12
2302,3
13249,16
12018,14
9209,10
5820,6
10092,11
1005,1
3460,4
6682,7
10976,12
13193,16
3055,4
3566,4
13777,17
2132,3
501,1
8108,9
6153,7
7401,8
229,1
8695,9
4001,4
7539,8
13416,16
10280,11
9004,9
3007,3
9178,10
4587,5
4221,5
4305,5
8985,9
7275,8
2750,3
8803,9
8395,9
4376,5
2944,3
9180,10
2718,3
3362,4
10952,12
8283,9
5824,6
8606,9
14301,17
5230,6
8807,9
4161,5
12514,14
11287,13
13422,16
12074,14
5322,6
5561,6
8740,9
8223,9
12892,16
13004,16
10819,11
7172,8
4867,5
10012,11
1017,1
7642,8
7346,8
9418,10
1928,2
350,1
6703,7
8414,9
223,1
6030,6
13721,17
11020,12
8977,9
2500,3
10239,11
9440,10
564,1
1582,2
5545,6
2175,3
9711,10
11235,12
14651,17
3933,4
11701,13
2707,3
14498,17
9485,10
5211,6
14273,17
11846,14
11683,13
3535,4
8000,8
9453,10
2397,3
6657,7
3739,4
11461,13
821,1
2063,3
12505,14
12730,16
81,0
5419,6
9676,10
13598,16
9691,10
2697,3
831,1
4574,5
3826,4
5924,6
14229,17
1397,2
10032,11
2833,3
13993,17
13649,16
13994,17
14342,17
12984,16
11856,14
48,0
8961,9
12184,14
9228,10
6512,7
11200,12
7047,8
11010,12
6357,7
4095,5
2689,3
1189,2
11989,14
4845,5
5210,6
3990,4
2373,3
10810,11
5676,6
13089,16
2758,3
9723,10
6607,7
9537,10
9430,10
2488,3
14412,17
9341,10
10705,11
3880,4
9694,10
8670,9
11967,14
4934,5
13475,16
7834,8
2209,3
5235,6
3945,4
12461,14
9484,10
2164,3
2886,3
11365,13
10594,11
516,1
13891,17
14058,17
5666,6
172,1
639,1
12769,16
8747,9
12716,16
7388,8
5065,6
1143,1
10543,11
10418,11
14416,17
9733,10
1832,2
9511,10
8678,9
3686,4
6227,7
5700,6
13292,16
13283,16
4537,5
3515,4
9459,10
834,1
2486,3
13455,16
12681,15
8974,9
8176,9
14255,17
9113,10
5467,6
10052,11
65,0
7729,8
7217,8
9965,11
2024,2
1872,2
354,1
5360,6
1767,2
12128,14
9189,10
6405,7
4762,5
1164,1
11888,14
11973,14
3395,4
8035,9
9876,11
4568,5
12733,16
3127,4
14291,17
309,1
12480,14
12488,14
13785,17
13113,16
4354,5
8516,9
9731,10
7895,8
3587,4
8030,8
2583,3
7456,8
2770,3
4812,5
10556,11
11085,12
5087,6
324,1
5171,6
5648,6
6743,7
3209,4
9381,10
3905,4
12103,14
1292,2
5638,6
14125,17
14663,17
10235,11
2379,3
14032,17
10330,11
3634,4
4169,5
8506,9
6658,7
12484,14
14400,17
3428,4
4421,5
1101,1
13219,16
12274,14
14001,17
3250,4
4409,5
4140,5
3557,4
709,1
118,0
2022,2
4598,5
9332,10
6130,7
8719,9
12722,16
2374,3
14141,17
10521,11
9150,10
5227,6
10421,11
6606,7
4681,5
11262,12
8200,9
5003,5
14680,17
7199,8
12225,14
4273,5
5739,6
12335,14
11076,12
14283,17
5470,6
5816,6
1158,1
10726,11
13096,16
87,0
7399,8
3382,4
11960,14
12599,15
403,1
14288,17
3350,4
12220,14
11531,13
10334,11
6378,7
2241,3
10452,11
6552,7
11243,12
9626,10
6310,7
1027,1
14246,17
3803,4
5517,6
2436,3
4689,5
14153,17
5298,6
1278,2
8183,9
6856,7
2042,3
9469,10
6654,7
6074,7
5157,6
1425,2
5027,5
5281,6
12694,15
1502,2
14299,17
12575,15
12021,14
7886,8
12597,15
6064,7
678,1
6673,7
5851,6
10194,11
5265,6
7300,8
8280,9
9123,10
5053,6
5215,6
1850,2
6522,7
1070,1
7628,8
6784,7
8540,9
2480,3
13507,16
3392,4
1099,1
5484,6
8910,9
11368,13
418,1
9264,10
5819,6
7585,8
1947,2
8274,9
3336,4
2299,3
13105,16
8969,9
14355,17
208,1
13149,16
3682,4
8537,9
7925,8
14263,17
528,1
5329,6
779,1
722,1
11896,14
9305,10
1860,2
12453,14
14035,17
12435,14
13322,16
1992,2
2332,3
9531,10
6339,7
11841,14
13939,17
6117,7
3459,4
7317,8
6567,7
12302,14
12816,16
11526,13
9568,10
5492,6
8485,9
4518,5
10763,11
7885,8
5138,6
6755,7
7958,8
12228,14
257,1
11158,12
11075,12
12650,15
11717,13
6931,7
9392,10
12962,16
3625,4
702,1
3189,4
503,1
8231,9
12949,16
5441,6
2556,3
848,1
2248,3
5616,6
372,1
13005,16
5317,6
10402,11
5487,6
5303,6
4052,5
3937,4
6252,7
14524,17
13276,16
11974,14
10499,11
4076,5
997,1
4332,5
7948,8
1176,2
14223,17
551,1
4840,5
4372,5
3497,4
7699,8
9321,10
7194,8
14521,17
12212,14
12340,14
5176,6
5829,6
6062,7
7488,8
9747,10
6775,7
3588,4
11228,12
13484,16
693,1
2533,3
5011,5
3443,4
982,1
8387,9
5943,6
13828,17
4222,5
91,0
5652,6
2266,3
10498,11
14018,17
9673,10
9364,10
261,1
13623,16
3337,4
5497,6
14494,17
4016,4
3626,4
8982,9
445,1
6752,7
5111,6
5965,6
3555,4
2194,3
7792,8
12547,15
3367,4
12679,15
2867,3
2526,3
9742,10
7267,8
8852,9
12504,14
1168,2
4144,5
5149,6
84,0
3149,4
12363,14
880,1
6747,7
9082,10
6535,7
8167,9
8864,9
1467,2
10709,11
5641,6
6537,7
9213,10
452,1
4326,5
4044,5
11337,13
4137,5
3039,4
8903,9
14094,17
8237,9
5825,6
7492,8
579,1
5236,6
6571,7
13039,16
7174,8
10776,11
12620,15
10798,11
5587,6
11537,13
2467,3
4157,5
6349,7
8979,9
413,1
402,1
4428,5
2084,3
3057,4
10967,12
7060,8
164,0
8511,9
12948,16
13104,16
4302,5
9529,10
13727,17
3317,4
12530,14
8657,9
3934,4
6851,7
1847,2
11571,13
1334,2
11274,13
12945,16
11503,13
11535,13
753,1
3064,4
13697,17
6997,7
706,1
3491,4
9366,10
13271,16
4573,5
11376,13
7054,8
5580,6
7278,8
6840,7
3151,4
14067,17
6523,7
13739,17
3799,4
4022,4
8686,9
1074,1
11711,13
10164,11
3438,4
8936,9
13129,16
10850,11
2429,3
246,1
3815,4
8939,9
3632,4
12072,14
2262,3
2246,3
835,1
5064,6
6202,7
432,1
7653,8
1173,2
10384,11
6437,7
8285,9
4656,5
8473,9
5289,6
3757,4
9845,10
9669,10
250,1
11655,13
14365,17
7764,8
7645,8
7711,8
7844,8
3407,4
2729,3
14537,17
8760,9
433,1
7926,8
11092,12
13351,16
13650,16
14264,17
8379,9
12559,15
10938,12
5629,6
4002,4
8594,9
4753,5
1332,2
9644,10
7791,8
7932,8
1443,2
3681,4
12603,15
4310,5
4899,5
8015,8
3985,4
13581,16
13054,16
11576,13
12459,14
2569,3
14458,17
4277,5
3666,4
8443,9
14603,17
2446,3
6821,7
7436,8
6520,7
5802,6
3657,4
13264,16
11838,14
3172,4
1223,2
7272,8
3639,4
4166,5
544,1
1204,2
11572,13
12054,14
13374,16
7242,8
2637,3
14217,17
12386,14
12207,14
11991,14
6758,7
12801,16
877,1
11898,14
196,1
14307,17
3383,4
4379,5
10107,11
10496,11
2997,3
3908,4
2571,3
1755,2
6496,7
12668,15
13764,17
14059,17
5721,6
6443,7
4969,5
6964,7
6814,7
6479,7
4711,5
4163,5
9608,10
8201,9
11006,12
12130,14
2682,3
10242,11
2508,3
8844,9
1510,2
4314,5
9240,10
9877,11
5356,6
6639,7
5972,6
1244,2
11492,13
8679,9
12944,16
4121,5
12527,14
4995,5
12092,14
9389,10
1876,2
11090,12
5262,6
254,1
10928,12
4511,5
12770,16
5159,6
12107,14
7460,8
759,1
5481,6
654,1
5297,6
13182,16
5812,6
5288,6
2892,3
3401,4
5636,6
1420,2
3044,4
2830,3
9918,11
328,1
9961,11
253,1
13239,16
7318,8
6159,7
5323,6
8484,9
9573,10
4377,5
6022,6
5092,6
9057,10
5377,6
3019,3
3029,3
8055,9
2636,3
12895,16
10839,11
1131,1
3018,3
2945,3
3659,4
13044,16
9618,10
12165,14
8522,9
2663,3
13443,16
5378,6
8178,9
1362,2
7180,8
10520,11
5533,6
3481,4
14143,17
6255,7
11733,13
8565,9
12441,14
5112,6
5940,6
10025,11
9132,10
9926,11
2880,3
5839,6
3381,4
12286,14
1302,2
13907,17
7442,8
4957,5
4836,5
10424,11
8523,9
13917,17
5720,6
7746,8
13894,17
942,1
14675,17
3235,4
14513,17
3257,4
11089,12
10848,11
176,1
435,1
10691,11
7049,8
308,1
1565,2
3964,4
6727,7
2135,3
8868,9
12889,16
11509,13
11907,14
4977,5
8483,9
12002,14
595,1
7393,8
7918,8
7072,8
6830,7
4625,5
9045,10
5332,6
11129,12
5351,6
13577,16
2623,3
9419,10
4572,5
11108,12
13438,16
231,1
179,1
13378,16
737,1
14115,17
8298,9
10728,11
3865,4
5865,6
11639,13
6057,7
9001,9
14539,17
109,0
5705,6
8304,9
1321,2
5935,6
1995,2
6495,7
755,1
7917,8
14517,17
5137,6
800,1
14007,17
2086,3
5501,6
6200,7
10963,12
69,0
5367,6
9427,10
10996,12
12242,14
5682,6
8688,9
10957,12
9931,11
5170,6
1680,2
10427,11
377,1
1469,2
13493,16
5961,6
2603,3
4181,5
8840,9
10109,11
12701,16
13890,17
4505,5
11297,13
7048,8
4230,5
8833,9
13311,16
3091,4
2726,3
477,1
1329,2
2283,3
3732,4
14163,17
10410,11
5873,6
5557,6
751,1
13817,17
2300,3
12352,14
873,1
6620,7
8272,9
5127,6
12105,14
9703,10
4564,5
1545,2
739,1
12569,15
2683,3
11239,12
10827,11
5121,6
6984,7
6795,7
11281,13
7608,8
3518,4
7690,8
2354,3
12391,14
10000,11
773,1
9157,10
12942,16
5200,6
11596,13
641,1
9863,10
8380,9
8546,9
3203,4
7288,8
4309,5
5204,6
6249,7
865,1
5516,6
10318,11
14045,17
9379,10
6923,7
14515,17
12216,14
9210,10
9990,11
962,1
10694,11
10869,12
12853,16
14241,17
14221,17
13587,16
3309,4
2166,3
363,1
11212,12
3723,4
2825,3
5133,6
7670,8
3597,4
4726,5
546,1
2940,3
471,1
1641,2
11844,14
3338,4
7914,8
1172,2
6983,7
13694,17
5273,6
6672,7
6085,7
10376,11
8724,9
12613,15
13497,16
3364,4
7852,8
8077,9
6724,7
12558,15
1410,2
11578,13
10895,12
6666,7
8021,8
11661,13
2694,3
815,1
6500,7
6762,7
10537,11
7322,8
2131,3
1797,2
12089,14
4575,5
5190,6
3122,4
7540,8
5853,6
5365,6
11465,13
4275,5
13593,16
3089,4
9698,10
12443,14
14656,17
12281,14
5253,6
237,1
1532,2
13834,17
8602,9
3410,4
2831,3
13379,16
1535,2
13468,16
3879,4
7435,8
5302,6
8327,9
11189,12
8292,9
1299,2
6739,7
6273,7
5499,6
11184,12
12053,14
7908,8
6934,7
11840,14
10476,11
11754,14
1480,2
2793,3
1601,2
14360,17
5091,6
7067,8
6804,7
2329,3
8374,9
12229,14
11860,14
14620,17
3661,4
8261,9
12162,14
555,1
4825,5
1163,1
5680,6
9380,10
4715,5
397,1
11392,13
2506,3
12919,16
3836,4
10905,12
9746,10
3010,3
10007,11
723,1
300,1
13863,17
9247,10
7328,8
4294,5
7803,8
4185,5
13200,16
6954,7
13912,17
14525,17
3142,4
9726,10
13192,16
14659,17
3205,4
4955,5
4582,5
13309,16
7367,8
14050,17
8940,9
14377,17
12682,15
7433,8
7704,8
12025,14
1152,1
14116,17
6965,7
1212,2
4503,5
7055,8
9642,10
13968,17
14244,17
5894,6
10675,11
10528,11
5427,6
9239,10
10707,11
665,1
13241,16
7216,8
5994,6
642,1
13576,16
3767,4
4272,5
12516,14
6123,7
10157,11
786,1
2857,3
6112,7
10390,11
3202,4
9232,10
8729,9
11179,12
7600,8
4187,5
7853,8
12973,16
12170,14
4824,5
10525,11
6067,7
2905,3
4626,5
9426,10
996,1
8086,9
14205,17
7246,8
10477,11
6408,7
7787,8
6250,7
9214,10
13990,17
5523,6
10945,12
7505,8
6275,7
9037,10
156,0
9657,10
3085,4
12532,14
1552,2
9466,10
11857,14
9509,10
3795,4
495,1
8612,9
2321,3
912,1
8083,9
151,0
8607,9
11134,12
10241,11
10024,11
1738,2
3001,3
13026,16
9375,10
13000,16
6961,7
13231,16
12885,16
12814,16
2883,3
3720,4
7127,8
12937,16
12524,14
888,1
5471,6
3201,4
9486,10
2276,3
4823,5
6800,7
4704,5
13729,17
4461,5
7591,8
343,1
11413,13
4136,5
10564,11
3188,4
4522,5
2223,3
4196,5
2584,3
7971,8
6858,7
10166,11
5081,6
11883,14
13289,16
9460,10
8726,9
9271,10
7438,8
13424,16
7366,8
14149,17
7459,8
4734,5
14010,17
1465,2
4593,5
2234,3
3565,4
3903,4
5840,6
283,1
13610,16
8144,9
12587,15
6175,7
10071,11
13150,16
4151,5
7883,8
11941,14
5938,6
14193,17
8809,9
12264,14
7794,8
2121,3
9308,10
7376,8
11017,12
13633,16
5012,5
5859,6
11292,13
8581,9
3161,4
2630,3
11610,13
12498,14
9801,10
14122,17
1203,2
13385,16
9947,11
7168,8
616,1
1926,2
3114,4
2641,3
11875,14
13175,16
7481,8
2562,3
11230,12
3734,4
2728,3
6312,7
5728,6
12857,16
11630,13
8493,9
13127,16
2126,3
13561,16
12085,14
1357,2
14169,17
7798,8
805,1
4694,5
11323,13
14534,17
9097,10
1590,2
8372,9
14350,17
3140,4
4280,5
5338,6
11049,12
566,1
9930,11
547,1
7118,8
11353,13
13585,16
26,0
1067,1
3918,4
4486,5
6604,7
5529,6
6678,7
5398,6
10127,11
6188,7
8639,9
11544,13
1221,2
9399,10
2548,3
13910,17
437,1
9272,10
7507,8
12427,14
13366,16
5269,6
1861,2
2699,3
9530,10
13560,16
9068,10
2481,3
8421,9
13791,17
2706,3
12404,14
326,1
5135,6
6733,7
5325,6
2499,3
1004,1
6957,7
11290,13
13464,16
13333,16
12859,16
6836,7
4011,4
13138,16
534,1
3770,4
3960,4
8243,9
9835,10
11034,12
585,1
12959,16
10190,11
7131,8
10391,11
8534,9
5799,6
13691,17
9921,11
10113,11
491,1
9758,10
10784,11
6932,7
11194,12
14111,17
12013,14
6464,7
9142,10
11501,13
3548,4
13678,16
4915,5
7040,8
1916,2
3185,4
12960,16
12916,16
8107,9
6712,7
14407,17
1910,2
7735,8
4034,5
8672,9
14570,17
1133,1
9549,10
5080,6
2518,3
12436,14
1317,2
4368,5
121,0
11220,12
2449,3
11178,12
7325,8
5662,6
6080,7
8757,9
2601,3
6568,7
1522,2
3484,4
2173,3
3283,4
4554,5
3605,4
12656,15
6429,7
11263,12
11381,13
7995,8
13325,16
3768,4
7998,8
5077,6
10468,11
4038,5
3502,4
1407,2
4631,5
8573,9
240,1
7861,8
12374,14
4935,5
9300,10
14447,17
8628,9
2579,3
12782,16
3269,4
14027,17
13310,16
7602,8
8391,9
1867,2
5550,6
9033,10
14554,17
1869,2
2521,3
13095,16
1820,2
2410,3
7025,7
51,0
3888,4
6637,7
5187,6
9838,10
3577,4
4565,5
6725,7
9525,10
7942,8
9100,10
14557,17
6391,7
2118,3
3779,4
4961,5
2809,3
498,1
13548,16
9807,10
4284,5
13346,16
228,1
13173,16
9584,10
2741,3
11084,12
6001,6
5718,6
12580,15
5583,6
12371,14
12454,14
8538,9
1128,1
10186,11
1706,2
7450,8
3153,4
9276,10
10447,11
14107,17
6240,7
7104,8
9360,10
2721,3
7445,8
7893,8
14154,17
12623,15
8042,9
8949,9
9197,10
12930,16
9994,11
11415,13
10624,11
12317,14
6054,7
14072,17
14108,17
2550,3
7440,8
6768,7
9498,10
13015,16
6449,7
10140,11
14272,17
2644,3
12834,16
4487,5
2061,3
4645,5
13782,17
14510,17
14194,17
13209,16
7265,8
4174,5
12223,14
8753,9
14394,17
983,1
9953,11
5480,6
11504,13
4797,5
9423,10
3662,4
13508,16
6947,7
4657,5
6414,7
3150,4
9195,10
8725,9
4813,5
5969,6
2939,3
1340,2
1391,2
9464,10
12640,15
10659,11
10780,11
8834,9
6146,7
1412,2
2256,3
11478,13
10506,11
6120,7
2212,3
5603,6
6004,6
5417,6
4938,5
3624,4
3158,4
4267,5
463,1
1754,2
9024,9
8832,9
6380,7
3829,4
378,1
9791,10
1335,2
14230,17
2716,3
9402,10
10062,11
13254,16
9494,10
6322,7
9026,9
11877,14
1894,2
4661,5
9753,10
7769,8
7090,8
6221,7
8952,9
9822,10
7037,8
11773,14
12428,14
8521,9
8466,9
10104,11
10918,12
3992,4
6691,7
1030,1
2220,3
12760,16
13505,16
3793,4
14542,17
10263,11
4327,5
12544,15
8302,9
13928,17
12902,16
5731,6
2917,3
5586,6
11762,14
6326,7
1515,2
13879,17
13306,16
12337,14
2263,3
4479,5
4239,5
12471,14
13559,16
893,1
1490,2
11759,14
9448,10
2933,3
13488,16
1129,1
731,1
3084,4
7297,8
4588,5
2795,3
7601,8
798,1
6232,7
734,1
8507,9
2244,3
178,1
1174,2
790,1
11778,14
198,1
10020,11
7675,8
548,1
3339,4
9942,11
7465,8
8518,9
12399,14
12662,15
7533,8
66,0
4712,5
5214,6
11748,13
5033,6
14060,17
2572,3
10022,11
10531,11
622,1
6222,7
787,1
3332,4
14133,17
6008,6
10338,11
8334,9
12844,16
10305,11
8515,9
515,1
478,1
4476,5
12023,14
6899,7
1033,1
11236,12
2598,3
1514,2
6191,7
10637,11
7237,8
5753,6
9932,11
12625,15
8236,9
5521,6
1462,2
7915,8
1871,2
11956,14
7209,8
9856,10
7349,8
4623,5
10820,11
4818,5
220,1
12211,14
8812,9
2476,3
4248,5
11304,13
13444,16
12300,14
6487,7
10858,11
9507,10
5650,6
13355,16
10580,11
8052,9
13487,16
2881,3
1677,2
6060,7
901,1
11188,12
14544,17
2296,3
8625,9
8814,9
8568,9
12358,14
10843,11
6772,7
11604,13
7257,8
2580,3
7966,8
13925,17
10886,12
14474,17
9570,10
9147,10
5254,6
681,1
13674,16
3159,4
10642,11
2987,3
4908,5
1882,2
8499,9
1940,2
3296,4
3534,4
5974,6
3729,4
490,1
5708,6
1181,2
1375,2
5014,5
626,1
4758,5
10117,11
11213,12
12134,14
4180,5
12181,14
12412,14
2887,3
4539,5
10466,11
6671,7
6453,7
1366,2
2639,3
13900,17
5602,6
13266,16
5730,6
7204,8
5296,6
10132,11
2938,3
10018,11
12713,16
5979,6
4534,5
9902,11
7669,8
7607,8
11764,14
9643,10
10984,12
14271,17
6681,7
5428,6
5266,6
11863,14
14398,17
1784,2
7116,8
494,1
12561,15
8593,9
2038,3
4041,5
2897,3
9593,10
9634,10
10414,11
2653,3
10097,11
8514,9
2031,2
5089,6
813,1
7235,8
6280,7
13511,16
1079,1
2226,3
11441,13
13419,16
10956,12
3261,4
5649,6
3862,4
2936,3
7080,8
3917,4
11944,14
305,1
4056,5
13967,17
2999,3
9334,10
1231,2
2313,3
11533,13
10050,11
12522,14
4321,5
14558,17
6470,7
14576,17
7500,8
12378,14
3899,4
3567,4
5452,6
8022,8
12695,15
11727,13
4270,5
8531,9
4086,5
6663,7
11924,14
588,1
3365,4
2670,3
5515,6
14604,17
12628,15
2395,3
5506,6
2170,3
13772,17
8134,9
9617,10
13804,17
12238,14
5673,6
2774,3
7620,8
6559,7
9581,10
8456,9
9436,10
13748,17
5798,6
5982,6
5882,6
9238,10
10401,11
2181,3
10941,12
1473,2
6103,7
11100,12
8955,9
11887,14
421,1
2306,3
14197,17
171,1
3956,4
5606,6
13567,16
8462,9
1725,2
12854,16
13732,17
11488,13
904,1
3494,4
8346,9
11523,13
7797,8
7396,8
12251,14
2080,3
7928,8
12007,14
7933,8
9646,10
12813,16
7211,8
4677,5
6533,7
5209,6
2646,3
12164,14
10718,11
9668,10
11094,12
10329,11
6365,7
11342,13
2155,3
10695,11
7370,8
13056,16
7837,8
3715,4
8111,9
10713,11
12166,14
3622,4
4516,5
7354,8
1436,2
507,1
5275,6
5663,6
5402,6
5930,6
2339,3
9659,10
4386,5
14366,17
7680,8
11289,13
643,1
1539,2
1211,2
10799,11
13396,16
6106,7
5615,6
12906,16
1464,2
1192,2
3590,4
9487,10
6360,7
8697,9
14437,17
6719,7
506,1
10857,11
9049,10
9103,10
11057,12
1773,2
272,1
11977,14
3618,4
2381,3
7008,7
12837,16
4633,5
8504,9
746,1
7707,8
3569,4
9559,10
8557,9
6448,7
5599,6
11797,14
10540,11
8572,9
1912,2
14622,17
599,1
3892,4
5540,6
1652,2
8106,9
1893,2
10896,12
6502,7
4362,5
14345,17
375,1
1966,2
3957,4
12888,16
5696,6
1243,2
12114,14
11825,14
8947,9
941,1
11079,12
3346,4
2657,3
14354,17
10856,11
5326,6
9595,10
6578,7
2799,3
4306,5
10615,11
11288,13
7244,8
298,1
11976,14
3823,4
14465,17
7977,8
2035,3
4039,5
9597,10
11164,12
1499,2
3512,4
14563,17
8362,9
6828,7
7130,8
10794,11
8994,9
4085,5
242,1
12479,14
1644,2
7371,8
9251,10
5594,6
11552,13
11477,13
5231,6
2076,3
4103,5
7493,8
5968,6
12262,14
11592,13
3966,4
10163,11
14369,17
13770,17
6754,7
9735,10
8917,9
12204,14
4078,5
7754,8
2778,3
4603,5
4932,5
1985,2
3861,4
7774,8
325,1
13775,17
6394,7
10999,12
4054,5
2237,3
5229,6
4571,5
7454,8
1268,2
864,1
4942,5
2253,3
6010,6
6911,7
9605,10
6998,7
371,1
12515,14
7940,8
609,1
4651,5
12278,14
11449,13
14166,17
11679,13
2364,3
7766,8
7148,8
3789,4
10710,11
5581,6
9452,10
5060,6
14395,17
12917,16
8671,9
662,1
10481,11
9954,11
2776,3
4535,5
7189,8
13369,16
5573,6
6135,7
4427,5
5247,6
14468,17
3981,4
7825,8
2669,3
3977,4
279,1
14516,17
8718,9
7452,8
5197,6
13090,16
13676,16
4155,5
9906,11
4883,5
5807,6
3809,4
8713,9
9036,10
4683,5
9976,11
12353,14
10494,11
5593,6
10581,11
6897,7
4563,5
8376,9
12992,16
9624,10
1269,2
2350,3
8745,9
1384,2
9174,10
5856,6
297,1
8635,9
12914,16
11361,13
9625,10
2077,3
9173,10
11716,13
2229,3
2842,3
2537,3
194,1
12168,14
7362,8
6636,7
7498,8
4042,5
6553,7
5505,6
6854,7
6761,7
5300,6
11331,13
320,1
7135,8
1371,2
14410,17
2654,3
14619,17
3398,4
8532,9
9384,10
11032,12
10347,11
12325,14
926,1
244,1
7469,8
8207,9
143,0
5983,6
8151,9
2363,3
10742,11
129,0
1161,1
10260,11
14379,17
5953,6
287,1
9255,10
5308,6
8681,9
1170,2
12758,16
8993,9
6792,7
10747,11
1859,2
10465,11
9697,10
6781,7
9967,11
3121,4
8579,9
1311,2
1032,1
8339,9
11162,12
6382,7
7910,8
931,1
691,1
13397,16
6364,7
1909,2
13088,16
13872,17
44,0
3939,4
7108,8
12208,14
4319,5
2965,3
3969,4
13153,16
9704,10
12637,15
7478,8
6308,7
4159,5
3092,4
11466,13
7954,8
5555,6
3982,4
9716,10
6940,7
1404,2
3195,4
9241,10
10046,11
9536,10
969,1
11908,14
6543,7
2843,3
2851,3
12087,14
12495,14
5956,6
10387,11
12861,16
4471,5
9553,10
11783,14
1789,2
12141,14
2059,3
7143,8
9158,10
1902,2
4686,5
14401,17
8090,9
4922,5
6785,7
13057,16
75,0
2345,3
6447,7
8430,9
8622,9
4586,5
14132,17
9808,10
13154,16
11963,14
1553,2
5874,6
8432,9
8975,9
14605,17
14322,17
10973,12
5695,6
2941,3
9761,10
13519,16
7381,8
12135,14
1620,2
14668,17
7905,8
11071,12
11900,14
6782,7
12887,16
9818,10
1609,2
3096,4
2415,3
10283,11
2017,2
2971,3
14389,17
3246,4
124,0
1106,1
1814,2
11448,13
13449,16
8790,9
2123,3
13788,17
12028,14
10490,11
8970,9
14192,17
2197,3
4051,5
1216,2
7701,8
725,1
808,1
10993,12
10218,11
4906,5
14666,17
13265,16
3962,4
11370,13
2671,3
1764,2
14090,17
607,1
9233,10
12744,16
3217,4
5737,6
8479,9
2053,3
3164,4
13285,16
11364,13
13055,16
1657,2
8069,9
8644,9
2710,3
13816,17
7549,8
4266,5
6715,7
422,1
5316,6
8849,9
2845,3
4066,5
12926,16
5244,6
1001,1
4198,5
2418,3
11467,13
3575,4
6726,7
3847,4
961,1
9412,10
10219,11
14567,17
757,1
5313,6
2284,3
14138,17
4827,5
12996,16
807,1
3907,4
7023,7
1956,2
13685,17
11965,14
2402,3
10546,11
1073,1
6524,7
12487,14
14672,17
8095,9
10933,12
14650,17
12411,14
11721,13
1003,1
7658,8
13360,16
7566,8
13553,16
5368,6
11852,14
6289,7
9756,10
12925,16
9340,10
985,1
10536,11
6169,7
11233,12
7384,8
10947,12
13409,16
13753,17
2462,3
268,1
7962,8
3580,4
71,0
11923,14
12717,16
2821,3
13171,16
589,1
13570,16
9660,10
10825,11
13290,16
12001,14
3758,4
6845,7
2028,2
8869,9
10075,11
5454,6
9693,10
11430,13
9620,10
9825,10
2432,3
4647,5
8469,9
11803,14
896,1
12077,14
1587,2
6686,7
1719,2
6100,7
3806,4
8806,9
11264,12
3961,4
9796,10
7036,8
12421,14
890,1
13226,16
4006,4
4939,5
11628,13
11693,13
5898,6
11039,12
12665,15
11072,12
584,1
3932,4
1260,2
10236,11
310,1
1716,2
6009,6
2052,3
10191,11
4668,5
4298,5
6646,7
3783,4
1008,1
7347,8
12248,14
13757,17
8383,9
9899,11
4059,5
8721,9
90,0
1987,2
10605,11
11474,13
7279,8
11785,14
10623,11
14071,17
13934,17
12738,16
12632,15
2925,3
9767,10
8185,9
5884,6
2341,3
11117,12
10425,11
627,1
9849,10
7545,8
11208,12
4765,5
14101,17
128,0
11723,13
10192,11
4182,5
7299,8
6995,7
2398,3
13144,16
1186,2
10292,11
14265,17
5314,6
9220,10
4247,5
14023,17
9107,10
1096,1
6653,7
1273,2
5698,6
12037,14
8728,9
6797,7
6615,7
3358,4
7755,8
183,1
11606,13
13712,17
6513,7
4567,5
6603,7
13677,16
1961,2
4992,5
4891,5
8039,9
5869,6
14346,17
6226,7
11033,12
10388,11
1251,2
3176,4
3359,4
10086,11
9415,10
12778,16
13204,16
7411,8
7538,8
1051,1
9221,10
8464,9
4763,5
14509,17
1874,2
9278,10
7282,8
9008,9
11176,12
4322,5
5831,6
11906,14
9881,11
9520,10
12863,16
13307,16
4485,5
8615,9
3924,4
13914,17
9355,10
10836,11
7850,8
11859,14
3113,4
3303,4
1690,2
9425,10
5048,6
9880,11
3308,4
1504,2
1806,2
3871,4
3791,4
13979,17
11354,13
10215,11
1717,2
2696,3
1848,2
4512,5
10903,12
6622,7
3435,4
9933,11
142,0
10282,11
6992,7
9895,11
12108,14
1117,1
1756,2
497,1
6751,7
870,1
3357,4
9104,10
7678,8
721,1
886,1
14097,17
10760,11
12190,14
8347,9
8102,9
12847,16
10010,11
314,1
13131,16
13793,17
4204,5
5850,6
6129,7
5447,6
3129,4
1996,2
10887,12
3968,4
11601,13
336,1
11602,13
12290,14
10165,11
2985,3
4620,5
6531,7
9647,10
3558,4
13382,16
3416,4
307,1
14575,17
11135,12
348,1
5918,6
12897,16
7243,8
13954,17
4482,5
9421,10
8263,9
9875,11
6855,7
12635,15
10493,11
11959,14
9854,10
1666,2
7579,8
5570,6
52,0
9751,10
6263,7
1445,2
12397,14
9966,11
1695,2
1574,2
10875,12
4405,5
1630,2
12343,14
1881,2
5074,6
5509,6
12957,16
9934,11
9040,10
10423,11
11912,14
186,1
5558,6
7185,8
13575,16
11272,12
6587,7
1234,2
10259,11
3915,4
446,1
844,1
5201,6
12909,16
11317,13
2440,3
3103,4
7692,8
4774,5
6974,7
6094,7
2153,3
5518,6
12187,14
5067,6
12389,14
12675,15
12224,14
776,1
8417,9
13645,16
6324,7
4920,5
12774,16
9182,10
13943,17
10686,11
3136,4
13466,16
5462,6
3183,4
12186,14
7522,8
11658,13
3199,4
11107,12
1289,2
13970,17
14013,17
11932,14
7542,8
1879,2
12467,14
12776,16
5457,6
2148,3
4131,5
1036,1
8828,9
13989,17
4134,5
649,1
9275,10
6711,7
861,1
9095,10
191,1
8301,9
6026,6
1942,2
4331,5
13001,16
8775,9
7972,8
11356,13
10980,12
10884,12
2775,3
4145,5
12634,15
2617,3
2411,3
1094,1
6065,7
1546,2
4589,5
6034,7
9936,11
6953,7
3135,4
3856,4
13534,16
6419,7
3805,4
12796,16
9706,10
7431,8
6774,7
12894,16
464,1
1257,2
2259,3
5630,6
14224,17
6231,7
7382,8
12446,14
12111,14
1262,2
13215,16
7212,8
975,1
10497,11
5866,6
9133,10
6582,7
2387,3
14280,17
5021,5
7129,8
12265,14
3882,4
6055,7
13340,16
10446,11
3875,4
2789,3
9136,10
13047,16
1857,2
12729,16
4108,5
5213,6
8281,9
3255,4
7323,8
2690,3
7389,8
4627,5
10934,12
1319,2
11077,12
14506,17
5162,6
10645,11
10141,11
1135,1
4529,5
3505,4
4749,5
7086,8
9734,10
14488,17
6336,7
10712,11
6982,7
12499,14
2505,3
2904,3
570,1
1448,2
3414,4
11830,14
10550,11
9290,10
11673,13
6837,7
3226,4
14304,17
4383,5
9229,10
7845,8
3539,4
10365,11
13158,16
2827,3
5780,6
4996,5
1338,2
3262,4
7876,8
14660,17
6838,7
5741,6
650,1
6039,7
2258,3
5395,6
12822,16
7082,8
11403,13
3521,4
11027,12
4478,5
5660,6
67,0
13763,17
11635,13
7609,8
1258,2
11719,13
12508,14
991,1
3504,4
8305,9
919,1
165,0
9666,10
12543,15
9141,10
4594,5
11897,14
2850,3
10668,11
14649,17
11919,14
4460,5
10943,12
6623,7
9306,10
12310,14
8490,9
2735,3
5669,6
4988,5
13212,16
2378,3
11355,13
4172,5
8092,9
14037,17
2103,3
3759,4
11440,13
1837,2
11782,14
12624,15
5710,6
8799,9
4500,5
1093,1
11788,14
6718,7
10683,11
8960,9
160,0
203,1
6483,7
3940,4
14469,17
4933,5
7647,8
1230,2
9166,10
3046,4
7957,8
2915,3
13331,16
4251,5
6111,7
6204,7
2725,3
4290,5
4334,5
383,1
7485,8
4886,5
857,1
370,1
6539,7
2561,3
3801,4
5455,6
10224,11
12059,14
6859,7
9993,11
12741,16
14099,17
5944,6
615,1
2575,3
53,0
10458,11
3340,4
11115,12
13305,16
12674,15
11070,12
13510,16
5876,6
9978,11
8995,9
1812,2
990,1
10170,11
12313,14
8411,9
2942,3
9480,10
3163,4
4678,5
2618,3
3612,4
8235,9
7871,8
11735,13
3792,4
9695,10
9913,11
3439,4
1892,2
14155,17
13699,17
5255,6
5167,6
6460,7
1505,2
13761,17
670,1
9471,10
11131,12
897,1
3306,4
8026,8
6239,7
2890,3
6003,6
7739,8
11181,12
10622,11
8397,9
2,0
12483,14
6079,7
531,1
12659,15
8181,9
12703,16
6476,7
13097,16
12442,14
8923,9
3406,4
5991,6
6328,7
10155,11
2565,3
2581,3
14297,17
8385,9
2607,3
10264,11
13911,17
9447,10
2104,3
13654,16
10456,11
13437,16
4994,5
10972,12
5057,6
658,1
4434,5
13944,17
3816,4
6773,7
12410,14
9813,10
13845,17
7260,8
3904,4
13074,16
9288,10
6811,7
10563,11
9359,10
3700,4
11199,12
1788,2
14236,17
6314,7
3645,4
1776,2
192,1
9012,9
10042,11
12629,15
14046,17
5388,6
11102,12
4951,5
2687,3
4390,5
4927,5
5552,6
14081,17
238,1
13609,16
10038,11
6901,7
13294,16
14547,17
9137,10
12156,14
8640,9
5097,6
12503,14
10942,12
11816,14
3552,4
14636,17
3360,4
8328,9
5628,6
7751,8
5783,6
4507,5
12409,14
146,0
13377,16
2294,3
7178,8
14000,17
10538,11
13918,17
12911,16
8690,9
7081,8
4733,5
8912,9
4384,5
10054,11
13463,16
11335,13
4545,5
596,1
13349,16
10317,11
5164,6
13837,17
1647,2
6815,7
2700,3
1700,2
2773,3
6968,7
8143,9
6219,7
86,0
12029,14
11998,14
14428,17
2594,3
1029,1
136,0
6972,7
14522,17
7024,7
2854,3
1200,2
6121,7
9763,10
8758,9
11300,13
6296,7
3927,4
12965,16
8468,9
3606,4
13091,16
2330,3
2187,3
195,1
5059,6
802,1
2668,3
241,1
2068,3
10095,11
12848,16
644,1
9116,10
5103,6
1637,2
7552,8
8312,9
3074,4
9014,9
7296,8
3278,4
8003,8
4970,5
11217,12
8326,9
6915,7
14330,17
7829,8
62,0
11612,13
11665,13
13656,16
10725,11
12840,16
679,1
2041,3
8933,9
5307,6
14173,17
3641,4
12113,14
11950,14
3258,4
1873,2
4744,5
9909,11
2912,3
4027,4
5488,6
12678,15
8024,8
7786,8
13586,16
6864,7
489,1
8685,9
690,1
602,1
1014,1
869,1
1993,2
7610,8
5283,6
4370,5
11097,12
1361,2
10269,11
1526,2
14080,17
1629,2
1551,2
10484,11
14225,17
1337,2
3901,4
5041,6
8252,9
10714,11
5039,6
2346,3
13638,16
5485,6
13024,16
5694,6
5119,6
5166,6
1134,1
8342,9
10182,11
4017,4
12684,15
2424,3
4138,5
859,1
2962,3
8089,9
14051,17
11346,13
12570,15
12456,14
1364,2
13432,16
1779,2
13461,16
2101,3
1818,2
369,1
4937,5
5285,6
8367,9
11891,14
7071,8
2093,3
7817,8
1920,2
82,0
7331,8
7304,8
816,1
13213,16
4396,5
8475,9
6124,7
4120,5
11678,13
13025,16
1813,2
1271,2
8751,9
2994,3
11173,12
6409,7
11373,13
2642,3
9280,10
10184,11
2305,3
10685,11
12296,14
4195,5
12258,14
3849,4
14457,17
12314,14
14055,17
3554,4
2195,3
2600,3
6163,7
1518,2
10324,11
11981,14
6309,7
5755,6
5633,6
8399,9
13668,16
7162,8
11064,12
10783,11
1988,2
9533,10
7737,8
517,1
6160,7
10990,12
13336,16
11839,14
10604,11
9607,10
4456,5
2761,3
6481,7
5911,6
13258,16
6547,7
4855,5
7644,8
13011,16
14222,17
6358,7
9741,10
2438,3
3765,4
6432,7
8643,9
7846,8
10443,11
9665,10
13179,16
6340,7
4821,5
18,0
3560,4
3951,4
49,0
14532,17
887,1
6261,7
7236,8
6989,7
6043,7
8708,9
3168,4
2949,3
1424,2
139,0
10116,11
3197,4
5131,6
112,0
8160,9
12739,16
4559,5
4595,5
4690,5
7951,8
10950,12
3277,4
4068,5
4408,5
12610,15
12604,15
9729,10
451,1
7262,8
3731,4
7256,8
13146,16
4986,5
3663,4
2763,3
8850,9
10792,11
1855,2
999,1
389,1
6426,7
1476,2
2240,3
13423,16
8112,9
992,1
7032,8
4997,5
3922,4
2972,3
6871,7
14021,17
4769,5
1293,2
13752,17
4173,5
2535,3
13412,16
1907,2
14012,17
13942,17
8560,9
6033,7
7619,8
1151,1
1567,2
3171,4
9689,10
7106,8
4160,5
4287,5
2230,3
174,1
1903,2
9291,10
8752,9
10766,11
3408,4
1538,2
2292,3
9523,10
1363,2
4357,5
5260,6
10949,12
11806,14
680,1
12793,16
3664,4
1661,2
508,1
166,0
12152,14
9198,10
12239,14
7365,8
1914,2
7263,8
14150,17
14313,17
7361,8
1104,1
11497,13
9944,11
5310,6
11069,12
5754,6
152,0
11647,13
5679,6
14128,17
3551,4
3722,4
10806,11
12548,15
4538,5
10920,12
10014,11
8463,9
1991,2
12931,16
8501,9
5141,6
3811,4
12781,16
3450,4
4591,5
7352,8
205,1
9327,10
6680,7
2749,3
8497,9
1849,2
13315,16
10180,11
3240,4
11644,13
3109,4
10179,11
5934,6
12009,14
5810,6
8575,9
5634,6
4307,5
3156,4
6534,7
13427,16
12756,16
12158,14
8891,9
3832,4
13353,16
4776,5
7997,8
4276,5
14311,17
10413,11
14092,17
278,1
6771,7
7415,8
3252,4
10474,11
13887,17
289,1
3075,4
10596,11
9582,10
10374,11
270,1
4570,5
12886,16
9583,10
6696,7
4316,5
3180,4
1422,2
8275,9
9065,10
13176,16
4557,5
7812,8
6297,7
13413,16
11669,13
14233,17
1132,1
6242,7
11123,12
13759,17
7423,8
13663,16
10152,11
10558,11
5520,6
9408,10
12777,16
10991,12
9256,10
3786,4
10910,12
8345,9
2161,3
3008,3
1105,1
13342,16
692,1
11490,13
4956,5
8307,9
4369,5
2765,3
3929,4
14420,17
14421,17
7778,8
10591,11
628,1
2451,3
10467,11
3824,4
13186,16
14621,17
3743,4
2176,3
6689,7
8858,9
3318,4
10638,11
9653,10
7432,8
2787,3
1196,2
1676,2
3947,4
7618,8
4444,5
5722,6
11432,13
12445,14
2369,3
4967,5
2217,3
8148,9
3326,4
10885,12
3583,4
14353,17
14422,17
3619,4
6217,7
2468,3
8277,9
12422,14
5973,6
3667,4
5158,6
7594,8
6976,7
10211,11
3423,4
8199,9
2409,3
3212,4
12568,15
5366,6
10911,12
6593,7
2895,3
12845,16
13743,17
3642,4
10872,12
10802,11
12961,16
9475,10
10193,11
12671,15
9061,10
14226,17
13166,16
8548,9
14548,17
5451,6
7160,8
7866,8
2743,3
14577,17
10082,11
9797,10
4958,5
14332,17
6474,7
7888,8
8811,9
492,1
1116,1
5637,6
12893,16
14492,17
10862,11
12642,15
6589,7
13321,16
7557,8
11740,13
5241,6
13574,16
2783,3
13291,16
1696,2
5685,6
2295,3
5939,6
7763,8
10244,11
9968,11
3313,4
4781,5
8350,9
13273,16
9784,10
9915,11
7605,8
215,1
6707,7
12940,16
8682,9
13415,16
3483,4
7006,7
5102,6
6599,7
3764,4
11642,13
6410,7
11109,12
25,0
7659,8
12799,16
9744,10
13516,16
12655,15
6683,7
9171,10
10039,11
12068,14
8584,9
11327,13
12617,15
11254,12
14170,17
12147,14
1102,1
3276,4
5345,6
13329,16
12918,16
8386,9
8835,9
10643,11
14669,17
2207,3
4552,5
4402,5
7395,8
3718,4
972,1
4579,5
6516,7
719,1
6155,7
13857,17
2803,3
2566,3
4025,4
6198,7
8224,9
14442,17
4063,5
9889,11
2792,3
2222,3
5818,6
3866,4
10606,11
12719,16
13348,16
3227,4
4214,5
3923,4
10469,11
10946,12
1401,2
8931,9
7703,8
4979,5
3253,4
12672,15
2661,3
2158,3
8578,9
8088,9
674,1
11156,12
7011,7
10769,11
10197,11
3841,4
1815,2
12351,14
14444,17
2100,3
12939,16
6708,7
1673,2
10293,11
4213,5
11060,12
10665,11
1548,2
10598,11
8547,9
5184,6
1461,2
13787,17
3220,4
12380,14
13453,16
7170,8
7430,8
14005,17
1751,2
3976,4
8353,9
1772,2
9388,10
10070,11
2016,2
2005,2
3893,4
3237,4
4424,5
10270,11
8588,9
2257,3
4072,5
5574,6
9083,10
13962,17
5355,6
8418,9
6093,7
7935,8
11886,14
1519,2
11994,14
1378,2
5672,6
9215,10
2587,3
14337,17
5621,6
11583,13
12084,14
5842,6
7122,8
5832,6
9821,10
4888,5
5904,6
522,1
8043,9
3607,4
9120,10
234,1
3796,4
6318,7
7094,8
10202,11
1948,2
6361,7
14430,17
6091,7
13344,16
2224,3
9298,10
13281,16
9010,9
5571,6
4523,5
5793,6
12901,16
5738,6
2624,3
4728,5
7818,8
8859,9
14559,17
13391,16
9080,10
10912,12
2437,3
6056,7
9009,9
6352,7
10533,11
3167,4
1809,2
11881,14
7161,8
9456,10
5086,6
11824,14
7016,7
12250,14
4945,5
6046,7
12292,14
14062,17
6919,7
5590,6
7226,8
1228,2
11306,13
6846,7
8244,9
11351,13
6555,7
159,0
8851,9
9779,10
1589,2
14448,17
14471,17
13908,17
13708,17
6687,7
13723,17
11038,12
10576,11
11627,13
7480,8
13603,16
1556,2
2828,3
436,1
5789,6
11972,14
1588,2
7398,8
2780,3
13191,16
9242,10
5686,6
3965,4
4727,5
9165,10
1238,2
2951,3
10534,11
10701,11
12196,14
13513,16
1497,2
6465,7
7355,8
7823,8
7547,8
7913,8
10614,11
12571,15
5185,6
5647,6
13800,17
5242,6
2130,3
2092,3
5409,6
10207,11
187,1
12268,14
7938,8
3655,4
3426,4
13354,16
1381,2
11454,13
8605,9
7427,8
5037,6
4897,5
3175,4
12497,14
12598,15
8448,9
14535,17
11626,13
2235,3
8068,9
9959,11
4236,5
10881,12
11222,12
9764,10
24,0
3363,4
1088,1
8733,9
13447,16
2841,3
10503,11
7537,8
7470,8
13687,17
4152,5
9501,10
695,1
13480,16
6337,7
1227,2
1999,2
276,1
12449,14
5929,6
2953,3
3637,4
3906,4
4778,5
5845,6
14238,17
4117,5
11110,12
1137,1
2767,3
8182,9
11995,14
11638,13
7661,8
9134,10
10904,12
2490,3
14216,17
7742,8
3935,4
2384,3
8016,8
7084,8
115,0
1863,2
10750,11
3119,4
4258,5
13555,16
12419,14
2819,3
14408,17
11011,12
13345,16
4699,5
3802,4
6068,7
3536,4
3825,4
6642,7
12987,16
1946,2
12817,16
11193,12
13629,16
9802,10
7269,8
14396,17
7929,8
7166,8
6963,7
5867,6
4761,5
10386,11
882,1
557,1
11902,14
1207,2
11113,12
7684,8
14295,17
9702,10
6538,7
10485,11
3211,4
3630,4
1708,2
12106,14
8458,9
1140,1
3162,4
6207,7
12354,14
3730,4
10101,11
11336,13
2660,3
8848,9
1307,2
2567,3
9190,10
2834,3
14052,17
9429,10
2151,3
11444,13
3835,4
14234,17
11242,12
12055,14
10378,11
9326,10
5004,5
6626,7
9495,10
1627,2
11749,13
9714,10
14399,17
358,1
138,0
8491,9
9748,10
382,1
11052,12
4857,5
13651,16
1439,2
9569,10
946,1
12159,14
5498,6
4916,5
8556,9
1932,2
2352,3
3236,4
9493,10
12137,14
3807,4
14070,17
1936,2
13080,16
4154,5
8988,9
2416,3
11224,12
6139,7
785,1
6789,7
8036,9
8315,9
13899,17
5668,6
2172,3
2169,3
6628,7
4009,4
4340,5
910,1
6268,7
2309,3
10033,11
9449,10
6591,7
4458,5
7597,8
9370,10
11275,13
13709,17
4652,5
6218,7
442,1
3415,4
9591,10
14064,17
11241,12
9649,10
11498,13
5744,6
1054,1
13730,17
3699,4
929,1
6468,7
8767,9
1829,2
11345,13
11940,14
2011,2
913,1
7611,8
12078,14
11301,13
2606,3
4928,5
9783,10
6564,7
11943,14
6,0
7835,8
6583,7
3361,4
10135,11
11439,13
1635,2
1141,1
12812,16
359,1
2070,3
3134,4
5160,6
6990,7
3243,4
2242,3
1474,2
13441,16
10081,11
3259,4
10213,11
4020,4
12970,16
8566,9
3500,4
2658,3
12403,14
1130,1
13490,16
1819,2
7461,8
11508,13
11468,13
11978,14
7064,8
4318,5
9342,10
4669,5
9428,10
5476,6
14440,17
12879,16
1856,2
2282,3
12773,16
4008,4
6401,7
14574,17
13620,16
386,1
1628,2
10906,12
11225,12
12365,14
13695,17
7718,8
11268,12
14635,17
9101,10
12714,16
10058,11
1842,2
2497,3
201,1
11784,14
3868,4
5054,6
5889,6
2702,3
7922,8
331,1
3808,4
935,1
10651,11
1774,2
11549,13
8611,9
10878,12
13434,16
989,1
5443,6
12232,14
6993,7
12550,15
5806,6
12831,16
12780,16
6574,7
3052,4
12687,15
8365,9
4615,5
3321,4
11140,12
6246,7
6048,7
3311,4
13929,17
11542,13
13776,17
8210,9
3628,4
13014,16
10366,11
1356,2
5002,5
11395,13
5823,6
13955,17
5670,6
3112,4
182,1
13008,16
10004,11
855,1
12372,14
4912,5
12540,15
1800,2
13594,16
10621,11
5482,6
12230,14
1968,2
14456,17
11951,14
4697,5
4987,5
4650,5
1159,1
9405,10
11359,13
1325,2
10288,11
11539,13
4796,5
6796,7
5808,6
14489,17
1455,2
5410,6
8333,9
2800,3
9836,10
10332,11
7616,8
13143,16
7815,8
4378,5
8921,9
11668,13
6716,7
10128,11
3736,4
2261,3
7429,8
4005,4
9302,10
13185,16
2394,3
1185,2
2007,2
193,1
8770,9
5525,6
771,1
10587,11
1478,2
1846,2
3740,4
11724,13
7986,8
405,1
14004,17
10265,11
10088,11
12555,15
6317,7
6581,7
10571,11
1447,2
342,1
7468,8
10719,11
727,1
4577,5
9168,10
9250,10
3516,4
13058,16
14528,17
7156,8
7851,8
10178,11
9491,10
1348,2
660,1
1492,2
13630,16
12521,14
5154,6
10507,11
9885,11
14066,17
9277,10
2524,3
11298,13
12437,14
5374,6
3198,4
5717,6
11169,12
13364,16
12063,14
8259,9
11796,14
40,0
10461,11
14179,17
12980,16
6816,7
10559,11
13137,16
11971,14
10704,11
2723,3
13492,16
12588,15
9335,10
14290,17
7155,8
11266,12
13544,16
11524,13
7230,8
10412,11
5075,6
10523,11
7880,8
5394,6
9641,10
12557,15
7789,8
13718,17
4088,5
1967,2
13201,16
12929,16
14087,17
6999,7
423,1
13614,16
10096,11
13958,17
12591,15
6142,7
5661,6
9031,9
4596,5
2659,3
141,0
2597,3
6701,7
1377,2
3674,4
9658,10
14529,17
6362,7
13756,17
4741,5
1138,1
10449,11
7374,8
1787,2
11781,14
4646,5
7568,8
459,1
6115,7
8179,9
948,1
9528,10
6370,7
4628,5
7358,8
5925,6
6040,7
441,1
6659,7
9794,10
10430,11
8831,9
9046,10
3830,4
13801,17
6144,7
13295,16
6344,7
12172,14
1958,2
9262,10
155,0
10487,11
11688,13
4578,5
1089,1
6049,7
11132,12
13450,16
9122,10
7950,8
11101,12
1674,2
6763,7
12295,14
6416,7
14527,17
2326,3
7096,8
12609,15
13987,17
6450,7
13637,16
1715,2
9890,11
9172,10
8381,9
9433,10
3831,4
6299,7
3348,4
13977,17
9177,10
10013,11
587,1
9346,10
10964,12
13981,17
10091,11
2990,3
13635,16
11591,13
13028,16
9587,10
264,1
11575,13
6788,7
14002,17
12500,14
10131,11
3864,4
10435,11
10592,11
6274,7
14580,17
14390,17
3711,4
8438,9
9786,10
1529,2
14177,17
923,1
11518,13
7329,8
4364,5
669,1
3604,4
5108,6
10102,11
13228,16
5248,6
7183,8
10888,12
2591,3
5906,6
9973,11
6509,7
11205,12
7133,8
2307,3
8804,9
3690,4
687,1
612,1
7167,8
11586,13
3200,4
10459,11
11168,12
6629,7
4135,5
1898,2
282,1
258,1
11116,12
13848,17
4943,5
2822,3
3525,4
14185,17
5223,6
2285,3
6063,7
8078,9
4654,5
5000,5
6710,7
13701,17
8676,9
10403,11
5416,6
475,1
2555,3
8087,9
7,0
6411,7
13829,17
13094,16
5546,6
2426,3
6744,7
10006,11
14140,17
2274,3
9203,10
1577,2
7264,8
9259,10
10183,11
3970,4
5879,6
12357,14
13706,17
7193,8
3867,4
13835,17
6823,7
11240,12
7548,8
781,1
14454,17
1749,2
10983,12
6519,7
5774,6
9283,10
9369,10
2324,3
10271,11
5055,6
10800,11
13243,16
10482,11
1727,2
610,1
4666,5
5413,6
8103,9
8174,9
8535,9
11349,13
3750,4
97,0
6985,7
3137,4
1537,2
3648,4
13049,16
1517,2
13737,17
4624,5
6566,7
2090,3
7097,8
6171,7
7521,8
572,1
13972,17
13324,16
3062,4
597,1
6633,7
13852,17
7875,8
7345,8
6304,7
11780,14
13871,17
11984,14
5976,6
8562,9
1938,2
12320,14
8100,9
1753,2
3670,4
12450,14
2361,3
4260,5
5432,6
6285,7
11553,13
13906,17
11495,13
12564,15
12160,14
5591,6
1171,2
7927,8
11809,14
9614,10
11333,13
13738,17
11868,14
13458,16
874,1
2297,3
13667,16
2643,3
13615,16
5347,6
9032,10
14587,17
581,1
204,1
7896,8
9833,10
2014,2
11445,13
905,1
631,1
8461,9
12233,14
1974,2
162,0
4998,5
12096,14
9557,10
12856,16
4713,5
9067,10
1431,2
6868,7
13421,16
7710,8
7736,8
4283,5
7531,8
11675,13
11048,12
10053,11
10851,11
3384,4
14043,17
11917,14
12231,14
7462,8
3331,4
14003,17
10595,11
6404,7
8895,9
2096,3
10195,11
13969,17
7999,8
5017,5
8738,9
1449,2
6900,7
2610,3
1900,2
8186,9
3920,4
2757,3
6397,7
10077,11
12726,16
2097,3
8329,9
13883,17
5624,6
9028,9
3471,4
8266,9
2171,3
13557,16
13489,16
8590,9
2010,2
14375,17
1283,2
12517,14
10028,11
14103,17
1019,1
9518,10
11002,12
8667,9
2810,3
12673,15
1651,2
14123,17
1169,2
10720,11
9398,10
6256,7
5469,6
12821,16
10258,11
867,1
11166,12
5093,6
5433,6
541,1
9324,10
14441,17
6354,7
13714,17
3390,4
11154,12
11451,13
11793,14
14586,17
10775,11
11005,12
3959,4
13616,16
6643,7
6841,7
12150,14
3586,4
11847,14
2563,3
10822,11
13148,16
11689,13
5036,6
1080,1
5891,6
10277,11
10644,11
4966,5
2023,2
13198,16
7909,8
12811,16
7321,8
226,1
1013,1
1929,2
12304,14
5251,6
9596,10
2179,3
697,1
1124,1
7378,8
12030,14
5110,6
7902,8
1778,2
13237,16
2634,3
7544,8
7604,8
3489,4
1037,1
10448,11
11985,14
14594,17
8505,9
2649,3
10473,11
2979,3
2547,3
5132,6
2159,3
11329,13
9114,10
6445,7
3967,4
1428,2
12346,14
2520,3
8033,9
12584,15
12833,16
14493,17
448,1
12745,16
9476,10
5995,6
12869,16
3727,4
7353,8
8553,9
6279,7
13128,16
7295,8
9496,10
6251,7
5926,6
2460,3
22,0
2066,3
1653,2
8894,9
8706,9
10935,12
1376,2
1724,2
10660,11
3754,4
10517,11
8652,9
4183,5
4082,5
9678,10
8474,9
6579,7
4558,5
3537,4
7003,7
10773,11
9560,10
13913,17
12067,14
8789,9
9951,11
646,1
6381,7
7527,8
14237,17
11823,14
7165,8
11660,13
13821,17
7697,8
11182,12
13819,17
4875,5
10736,11
12614,15
5341,6
12528,14
7031,7
2160,3
685,1
12829,16
11435,13
2461,3
11029,12
7128,8
6267,7
4941,5
5946,6
4583,5
5784,6
10422,11
7569,8
12509,14
10512,11
521,1
8714,9
14318,17
13119,16
3983,4
14038,17
12702,16
780,1
10613,11
12051,14
5607,6
5978,6
8843,9
3747,4
2196,3
8561,9
14511,17
4285,5
8569,9
10408,11
9832,10
9805,10
6979,7
1827,2
9154,10
13897,17
14303,17
2376,3
8551,9
3839,4
1246,2
7504,8
11483,13
6511,7
14565,17
5439,6
10759,11
11615,13
10229,11
13578,16
8964,9
10681,11
14268,17
14011,17
5510,6
5330,6
4531,5
9866,11
365,1
14121,17
14654,17
147,0
1668,2
11280,13
13016,16
7650,8
8599,9
11698,13
7788,8
3456,4
3271,4
4940,5
9223,10
11851,14
6230,7
13082,16
11893,14
9047,10
3926,4
12545,15
8080,9
78,0
7088,8
2247,3
12097,14
14606,17
14106,17
13031,16
7451,8
8980,9
2279,3
8123,9
3897,4
11813,14
7177,8
9312,10
13892,17
3631,4
12660,15
6272,7
8616,9
392,1
3191,4
16,0
4200,5
2672,3
14016,17
6164,7
12038,14
3493,4
9651,10
7394,8
4839,5
593,1
13683,17
8737,9
5827,6
10749,11
7961,8
5887,6
2355,3
6036,7
4798,5
10634,11
12697,15
4592,5
11234,12
8656,9
163,0
13608,16
13861,17
14357,17
7380,8
14618,17
10201,11
6356,7
11276,13
9092,10
5542,6
6007,6
7993,8
7638,8
6793,7
10900,12
7758,8
4837,5
2293,3
6548,7
7898,8
4481,5
3716,4
10837,11
6140,7
9956,11
1549,2
11221,12
10331,11
2044,3
767,1
5693,6
7870,8
9700,10
7857,8
3302,4
4517,5
13330,16
11848,14
3292,4
9011,9
1403,2
1382,2
10340,11
6928,7
5671,6
1638,2
14382,17
6907,7
8591,9
6406,7
9074,10
11757,14
1179,2
5448,6
10322,11
5078,6
8648,9
5175,6
10142,11
689,1
13002,16
6525,7
14415,17
6488,7
10145,11
7154,8
13606,16
6610,7
10902,12
12574,15
12606,15
4349,5
1884,2
12690,15
2494,3
5947,6
3036,4
5777,6
11795,14
845,1
8734,9
11871,14
7967,8
12452,14
7340,8
13227,16
12138,14
7137,8
2964,3
2529,3
5772,6
1048,1
7045,8
1960,2
2530,3
11138,12
8429,9
4917,5
9325,10
5901,6
8286,9
4259,5
12582,15
13767,17
5656,6
6097,7
5907,6
7373,8
2978,3
13562,16
13664,16
6721,7
7842,8
8264,9
12884,16
3138,4
8325,9
14579,17
13556,16
11421,13
1826,2
5548,6
8785,9
10917,12
560,1
12938,16
8435,9
5435,6
4437,5
10382,11
8597,9
1442,2
8453,9
4406,5
13997,17
1689,2
14491,17
9917,11
14188,17
5962,6
2496,3
12005,14
340,1
2408,3
9793,10
14202,17
5782,6
4576,5
3725,4
14607,17
2785,3
9715,10
12630,15
13802,17
1012,1
5280,6
4895,5
9958,11
7121,8
6549,7
4037,5
148,0
285,1
14178,17
8555,9
13784,17
9732,10
6770,7
4443,5
7446,8
236,1
14086,17
10754,11
7123,8
12246,14
14034,17
3083,4
14069,17
10294,11
632,1
6813,7
2493,3
2665,3
12464,14
12546,15
12349,14
10526,11
10060,11
11811,14
12492,14
4211,5
9686,10
10593,11
3874,4
9424,10
10853,11
2817,3
12104,14
14008,17
14406,17
13190,16
7426,8
12631,15
12434,14
11253,12
13517,16
9777,10
1735,2
7397,8
11015,12
4255,5
12133,14
2475,3
10756,11
14655,17
3713,4
13187,16
1804,2
707,1
11238,12
13504,16
5189,6
13705,17
5472,6
72,0
7843,8
5101,6
6764,7
9382,10
10793,11
1125,1
1241,2
12083,14
13864,17
2349,3
11543,13
6602,7
6780,7
9769,10
11921,14
4358,5
1343,2
14661,17
12748,16
14074,17
8632,9
6652,7
1100,1
10829,11
9160,10
8841,9
9738,10
7327,8
7622,8
987,1
10658,11
2852,3
11695,13
8853,9
630,1
1249,2
3179,4
482,1
9776,10
9654,10
3040,4
5010,5
12824,16
7000,7
3273,4
7227,8
3683,4
6674,7
6807,7
14292,17
1316,2
3225,4
1072,1
4815,5
12406,14
10823,11
9852,10
5752,6
10617,11
13430,16
4616,5
3097,4
13858,17
6869,7
1300,2
7285,8
6284,7
12361,14
13021,16
5495,6
5291,6
9600,10
10037,11
1798,2
9667,10
5203,6
8227,9
5047,6
6441,7
8636,9
8105,9
2359,3
13780,17
3654,4
7052,8
11371,13
1286,2
13401,16
4445,5
11608,13
2137,3
6787,7
10828,11
9873,11
14315,17
13825,17
14339,17
6894,7
9884,11
12576,15
10733,11
11827,14
8564,9
7151,8
963,1
6012,6
4882,5
140,0
12046,14
13259,16
8906,9
6936,7
6542,7
5243,6
11380,13
10030,11
4431,5
12765,16
406,1
8212,9
9196,10
12277,14
10603,11
10737,11
12667,15
10582,11
9135,10
8234,9
11022,12
11563,13
11214,12
11556,13
4399,5
5252,6
11,0
4760,5
1177,2
10139,11
10693,11
2863,3
6471,7
12057,14
6228,7
9218,10
12040,14
2989,3
9153,10
11081,12
7117,8
11207,12
7010,7
11530,13
12562,15
11760,14
8927,9
1440,2
14308,17
2875,3
12178,14
9108,10
13359,16
14212,17
11339,13
7232,8
3726,4
2772,3
9816,10
454,1
9013,9
8189,9
1367,2
3712,4
14467,17
1388,2
9042,10
1000,1
7761,8
3553,4
4114,5
9829,10
1667,2
3173,4
12755,16
9539,10
13806,17
488,1
3230,4
3828,4
10824,11
12705,16
5208,6
7848,8
11424,13
5704,6
14159,17
8133,9
703,1
5105,6
13062,16
3291,4
8125,9
11865,14
10600,11
9519,10
14146,17
13244,16
4909,5
4440,5
13370,16
986,1
13959,17
13565,16
13308,16
7705,8
12241,14
6257,7
11677,13
6089,7
10666,11
5238,6
12065,14
1198,2
9710,10
13795,17
7519,8
6812,7
9991,11
9206,10
8320,9
9556,10
10225,11
7175,8
4470,5
891,1
10985,12
1969,2
5757,6
6527,7
6294,7
14312,17
7595,8
9110,10
3249,4
6570,7
6638,7
7351,8
13470,16
9400,10
12060,14
7473,8
12257,14
13525,16
12736,16
1239,2
2289,3
2740,3
8467,9
4585,5
9227,10
1229,2
9200,10
6980,7
5178,6
12020,14
10724,11
4293,5
1058,1
6262,7
11036,12
281,1
9235,10
9508,10
968,1
10573,11
3953,4
1939,2
12414,14
1274,2
619,1
12482,14
1742,2
1390,2
2203,3
9771,10
9847,10
3568,4
10544,11
10404,11
6116,7
14637,17
6052,7
3178,4
3192,4
9499,10
6099,7
7029,7
575,1
10552,11
6656,7
7115,8
12933,16
6276,7
9472,10
13194,16
11083,12
5897,6
5724,6
10185,11
10831,11
269,1
629,1
11970,14
3081,4
3466,4
6430,7
13681,17
7062,8
12215,14
14277,17
5543,6
10238,11
4356,5
13386,16
2113,3
8219,9
10232,11
12120,14
13933,17
3216,4
3814,4
8321,9
13445,16
2278,3
4599,5
13,0
13549,16
1525,2
2365,3
4648,5
11244,12
12197,14
10532,11
374,1
12506,14
6477,7
525,1
9131,10
14347,17
6895,7
10339,11
3591,4
11106,12
7904,8
2958,3
11815,14
529,1
3714,4
4732,5
9461,10
1394,2
12201,14
9989,11
11171,12
9633,10
10574,11
14478,17
12003,14
5631,6
9465,10
6563,7
4703,5
1712,2
14323,17
955,1
6675,7
3453,4
9579,10
13786,17
8595,9
2071,3
14296,17
10169,11
158,0
7005,7
12080,14
9094,10
352,1
6078,7
6236,7
12322,14
8946,9
11163,12
14645,17
2920,3
8503,9
4644,5
661,1
7057,8
10181,11
3665,4
7979,8
306,1
10527,11
4790,5
2356,3
11894,14
11996,14
1927,2
13711,17
3427,4
8941,9
3638,4
12493,14
1266,2
1560,2
13771,17
11787,14
10326,11
7179,8
4109,5
7867,8
4904,5
7294,8
514,1
894,1
8601,9
21,0
11577,13
14595,17
899,1
207,1
458,1
10246,11
2430,3
8442,9
12398,14
9299,10
3389,4
9905,11
3911,4
5383,6
8907,9
552,1
9631,10
10462,11
3144,4
6917,7
2056,3
1925,2
634,1
6082,7
8508,9
13622,16
14215,17
8619,9
12612,15
105,0
3041,4
12430,14
10361,11
1709,2
89,0
7014,7
10433,11
3174,4
917,1
7833,8
6732,7
1949,2
12236,14
11040,12
6368,7
1,0
8032,9
6047,7
9127,10
13531,16
2720,3
8783,9
14402,17
3117,4
11128,12
13909,17
10640,11
9768,10
3762,4
213,1
778,1
3496,4
12952,16
2043,3
8920,9
5420,6
6154,7
9759,10
8357,9
11758,14
12794,16
10205,11
8465,9
12052,14
4167,5
10960,12
3788,4
8586,9
583,1
14553,17
14657,17
116,0
6644,7
14453,17
14609,17
14341,17
13155,16
8712,9
1763,2
1875,2
12157,14
11536,13
10445,11
3224,4
526,1
7725,8
2946,3
4473,5
12091,14
5655,6
8884,9
6059,7
959,1
6342,7
3633,4
1050,1
8782,9
8711,9
3380,4
3676,4
5776,6
13277,16
6573,7
5179,6
1607,2
3610,4
14326,17
6635,7
14678,17
10001,11
791,1
8984,9
3056,4
10047,11
1980,2
11425,13
3598,4
933,1
12155,14
7424,8
5626,6
1682,2
4179,5
12218,14
6446,7
4116,5
988,1
11703,13
11645,13
2896,3
3778,4
5658,6
11722,13
3093,4
3155,4
11393,13
1823,2
14137,17
1098,1
10396,11
2844,3
9078,10
3342,4
38,0
6540,7
13735,17
8707,9
3356,4
9645,10
11745,13
11801,14
10698,11
11186,12
12191,14
7813,8
14279,17
9098,10
8220,9
13551,16
10699,11
2428,3
5043,6
5346,6
8954,9
11939,14
4811,5
8476,9
686,1
4799,5
7437,8
2353,3
6353,7
13118,16
4569,5
8213,9
2752,3
9077,10
8073,9
9109,10
1040,1
7491,8
1265,2
13612,16
7059,8
277,1
5084,6
10276,11
9437,10
2382,3
571,1
1435,2
12094,14
9439,10
5352,6
11718,13
10706,11
5445,6
1007,1
4543,5
13211,16
13617,16
2064,3
1136,1
9882,11
13591,16
5343,6
10177,11
294,1
9739,10
10204,11
8780,9
11521,13
2403,3
10321,11
3998,4
13700,17
3741,4
11700,13
13546,16
2719,3
13518,16
5150,6
2808,3
9017,9
556,1
13107,16
4795,5
2469,3
3738,4
4286,5
12643,15
9908,11
2604,3
362,1
6924,7
1704,2
2139,3
3239,4
2383,3
7314,8
4311,5
9477,10
1312,2
13847,17
3930,4
6183,7
12724,16
1591,2
13789,17
2162,3
2396,3
317,1
9516,10
11303,13
5233,6
5068,6
4036,5
8987,9
3020,3
9903,11
11579,13
8228,9
9105,10
5295,6
3972,4
5370,6
4133,5
974,1
7291,8
9175,10
954,1
9610,10
9752,10
12327,14
12457,14
9547,10
13671,16
5016,5
14282,17
9179,10
10874,12
7490,8
1640,2
1290,2
11873,14
1380,2
1933,2
4675,5
14677,17
11352,13
10222,11
892,1
7287,8
4876,5
12261,14
7906,8
12447,14
8194,9
13779,17
10301,11
9041,10
10929,12
2466,3
7657,8
10106,11
9788,10
1913,2
11362,13
2736,3
726,1
7214,8
8245,9
1796,2
3845,4
6402,7
10745,11
10992,12
936,1
2265,3
824,1
12513,14
7274,8
11593,13
1389,2
3564,4
9076,10
5429,6
7827,8
5690,6
7878,8
1868,2
8202,9
11607,13
7486,8
9655,10
806,1
4805,5
12964,16
12260,14
10300,11
13439,16
14617,17
10426,11
9155,10
7511,8
8056,9
4494,5
2632,3
13072,16
8896,9
8623,9
7832,8
4388,5
145,0
6467,7
2033,3
13402,16
1165,1
11692,13
2050,3
3760,4
10816,11
12676,15
4435,5
3430,4
8190,9
12867,16
7069,8
4361,5
10616,11
9454,10
1771,2
3511,4
271,1
8436,9
12605,15
12764,16
2032,3
12316,14
9005,9
14195,17
3810,4
13183,16
9996,11
4346,5
10653,11
545,1
3241,4
8930,9
8502,9
11713,13
9323,10
14561,17
12303,14
10961,12
7564,8
920,1
13390,16
11779,14
6640,7
12151,14
7694,8
8230,9
12651,15
7126,8
4278,5
2983,3
130,0
7980,8
2667,3
7138,8
3223,4
9374,10
7693,8
5392,6
614,1
14540,17
1466,2
4497,5
3042,4
9126,10
2419,3
5085,6
3294,4
6737,7
1500,2
9018,9
1521,2
13588,16
11122,12
4232,5
7686,8
8820,9
4430,5
12045,14
390,1
12537,14
14480,17
7124,8
5913,6
12182,14
8592,9
4806,5
13147,16
11551,13
8238,9
8044,9
14362,17
3993,4
11834,14
11918,14
14024,17
6609,7
5319,6
14449,17
7119,8
2421,3
5604,6
1750,2
14419,17
13238,16
12254,14
14266,17
338,1
8407,9
11855,14
1341,2
14015,17
7982,8
12086,14
3640,4
329,1
12968,16
3004,3
6960,7
4090,5
11307,13
9828,10
2322,3
6667,7
7009,7
4197,5
3549,4
9650,10
8363,9
4203,5
13679,16
11761,14
12418,14
13122,16
13210,16
6185,7
1639,2
9130,10
60,0
1240,2
5760,6
5136,6
2343,3
2120,3
1524,2
7617,8
153,0
481,1
6122,7
12652,15
7674,8
7101,8
12112,14
1762,2
8942,9
7715,8
9977,11
13335,16
7479,8
6212,7
12693,15
4853,5
2711,3
6766,7
4150,5
12385,14
1333,2
14368,17
11046,12
8378,9
9328,10
13792,17
14250,17
10250,11
13395,16
3850,4
8340,9
4124,5
13163,16
11555,13
4788,5
2866,3
11968,14
1386,2
5941,6
3067,4
13303,16
3629,4
13895,17
12989,16
13746,17
3028,3
2969,3
11664,13
9900,11
11145,12
8646,9
6136,7
8801,9
4263,5
13018,16
645,1
14182,17
2074,3
12244,14
341,1
8041,9
1622,2
12875,16
7141,8
5796,6
7184,8
14284,17
8232,9
5475,6
10281,11
12116,14
10367,11
13595,16
74,0
14526,17
14578,17
10849,11
11372,13
10268,11
8633,9
13554,16
2051,3
2541,3
1301,2
5877,6
7368,8
11622,13
1304,2
8428,9
13352,16
2599,3
12808,16
2573,3
11472,13
3186,4
12145,14
2768,3
4831,5
4223,5
14175,17
2106,3
2679,3
10953,12
12880,16
1387,2
14209,17
13941,17
13114,16
14190,17
7083,8
1279,2
804,1
1555,2
13935,17
11382,13
4566,5
12994,16
14203,17
4841,5
3594,4
6035,7
6852,7
10112,11
8705,9
4177,5
1308,2
9106,10
3452,4
3695,4
4242,5
11348,13
2198,3
8966,9
4425,5
6150,7
943,1
822,1
5005,5
6612,7
12469,14
8356,9
5619,6
4547,5
12175,14
2538,3
14321,17
9503,10
5207,6
13973,17
13229,16
3054,4
3675,4
7776,8
7218,8
6722,7
3300,4
3310,4
7221,8
8519,9
10682,11
5954,6
10998,12
12600,15
832,1
11271,12
3462,4
13898,17
7643,8
54,0
12256,14
3451,4
6305,7
10093,11
1481,2
4873,5
13087,16
8038,9
12342,14
3335,4
6016,6
4926,5
9138,10
5797,6
11485,13
10353,11
14432,17
5083,6
6645,7
12481,14
11249,12
5490,6
768,1
2065,3
13953,17
11687,13
7311,8
8477,9
14590,17
4524,5
11568,13
10524,11
2717,3
2079,3
11581,13
8914,9
951,1
8058,9
2482,3
10454,11
9181,10
11404,13
1759,2
9984,11
4422,5
6704,7
9916,11
5182,6
8533,9
3701,4
4243,5
688,1
3432,4
4944,5
966,1
14251,17
13932,17
10395,11
2713,3
4757,5
12350,14
14017,17
6320,7
5975,6
3572,4
12997,16
5299,6
1990,2
12312,14
12951,16
1205,2
13050,16
4971,5
14276,17
6783,7
3600,4
6490,7
8609,9
14646,17
13278,16
8070,9
8577,9
7973,8
13675,16
1625,2
536,1
8766,9
7970,8
13224,16
4212,5
6456,7
3507,4
8393,9
9524,10
7112,8
11694,13
2708,3
5031,5
6514,7
4662,5
4021,4
1854,2
13849,17
2872,3
3030,3
9397,10
1645,2
3417,4
3476,4
14025,17
11053,12
1792,2
3797,4
3368,4
11559,13
11725,13
7196,8
14162,17
5109,6
6024,6
11641,13
8795,9
11248,12
13652,16
126,0
5959,6
3876,4
11127,12
4451,5
7147,8
3531,4
10922,12
827,1
9831,10
7790,8
984,1
11473,13
11197,12
7783,8
10380,11
14068,17
2443,3
8554,9
10541,11
345,1
814,1
6166,7
12999,16
11397,13
13328,16
14626,17
11517,13
12298,14
5779,6
2116,3
10026,11
793,1
14601,17
6898,7
2674,3
94,0
4225,5
3756,4
2891,3
2371,3
11420,13
13790,17
3228,4
7863,8
6359,7
13512,16
13102,16
7326,8
6028,6
11045,12
11104,12
1865,2
4612,5
10049,11
2645,3
2243,3
5373,6
2336,3
950,1
11260,12
1120,1
10789,11
2204,3
419,1
922,1
9446,10
8669,9
10227,11
5408,6
5788,6
5742,6
7667,8
5567,6
8135,9
1202,2
10818,11
5765,6
8389,9
1970,2
11302,13
4018,4
10343,11
3687,4
13108,16
1997,2
4033,5
14530,17
11246,12
1248,2
2192,3
2712,3
9184,10
2190,3
4670,5
5142,6
5984,6
6565,7
7804,8
11954,14
6943,7
11789,14
12903,16
9510,10
10055,11
10535,11
10641,11
2136,3
1065,1
600,1
4227,5
10813,11
7577,8
77,0
7546,8
2898,3
4820,5
9506,10
13666,16
6413,7
9444,10
9064,10
12042,14
8007,8
5468,6
5951,6
14340,17
11157,12
3391,4
5415,6
2560,3
14520,17
8162,9
2635,3
5256,6
3530,4
8567,9
1908,2
12621,15
13607,16
235,1
12219,14
1604,2
7984,8
9310,10
11869,14
3490,4
14464,17
11150,12
1994,2
2824,3
13642,16
10568,11
1342,2
8512,9
1619,2
11905,14
5287,6
2060,3
14613,17
2219,3
9865,10
6038,7
260,1
13760,17
10231,11
12977,16
9093,10
3744,4
2026,2
6988,7
4234,5
1917,2
1828,2
9765,10
12607,15
12941,16
6233,7
13713,17
12846,16
6283,7
4208,5
12819,16
224,1
8915,9
10002,11
9333,10
6469,7
13832,17
10954,12
846,1
4289,5
5560,6
13234,16
2551,3
11120,12
117,0
8837,9
5966,6
8195,9
12362,14
8659,9
7489,8
5,0
5342,6
9111,10
10787,11
4324,5
1063,1
2590,3
8434,9
13046,16
9352,10
11062,12
3735,4
10589,11
3517,4
6986,7
11613,13
10755,11
6767,7
5622,6
1605,2
1733,2
10516,11
10901,12
13724,17
9504,10
11640,13
3812,4
14139,17
10554,11
10167,11
11706,13
1761,2
5401,6
2739,3
14147,17
2472,3
6738,7
6891,7
12199,14
7943,8
12910,16
9685,10
4206,5
6371,7
10350,11
9361,10
10348,11
232,1
8258,9
7561,8
9795,10
6168,7
11475,13
3596,4
6288,7
4632,5
125,0
7641,8
6229,7
1296,2
1976,2
13926,17
13866,17
10267,11
12772,16
5750,6
8152,9
14252,17
3086,4
13628,16
6882,7
13670,16
7673,8
3345,4
8172,9
13843,17
5870,6
6506,7
2797,3
918,1
1646,2
5122,6
5126,6
13170,16
4621,5
6809,7
364,1
11479,13
2125,3
8150,9
12315,14
12761,16
8717,9
13013,16
55,0
638,1
302,1
10958,12
5811,6
1276,2
12912,16
10247,11
13568,16
13337,16
4432,5
3644,4
4143,5
2878,3
12394,14
6493,7
13367,16
10478,11
10453,11
5240,6
13820,17
10488,11
6937,7
7240,8
9945,11
13389,16
10160,11
2593,3
11309,13
2393,3
523,1
6376,7
6981,7
6677,7
3900,4
14152,17
12891,16
5585,6
13754,17
7956,8
7570,8
11314,13
6777,7
12348,14
10161,11
671,1
4188,5
666,1
3266,4
1887,2
11458,13
8472,9
9911,11
11139,12
12647,15
9091,10
7687,8
6031,6
14438,17
6090,7
6238,7
7350,8
7830,8
760,1
6254,7
1906,2
12234,14
12015,14
12330,14
3818,4
6269,7
4300,5
5569,6
7941,8
10785,11
4164,5
11223,12
5971,6
3579,4
2832,3
5449,6
3472,4
6327,7
137,0
7043,8
4892,5
2180,3
10320,11
7730,8
3177,4
4854,5
4637,5
5115,6
13665,16
7648,8
4261,5
12536,14
1331,2
10209,11
12734,16
10674,11
7002,7
9550,10
6941,7
8017,8
6241,7
9521,10
14658,17
6881,7
13051,16
10342,11
4530,5
10314,11
4673,5
12173,14
6996,7
1252,2
11470,13
3374,4
2814,3
4719,5
6544,7
10040,11
4858,5
7901,8
11229,12
8580,9
8427,9
1077,1
10176,11
4363,5
12154,14
770,1
10357,11
12725,16
8865,9
249,1
9766,10
7239,8
3419,4
10273,11
10015,11
14100,17
4976,5
4544,5
5565,6
7939,8
716,1
14180,17
12338,14
2048,3
5997,6
6600,7
7245,8
13456,16
4178,5
4809,5
10916,12
13930,17
7140,8
7190,8
1460,2
5989,6
9860,10
10948,12
2000,2
12763,16
12805,16
8175,9
404,1
384,1
13881,17
13936,17
10344,11
1633,2
14029,17
4784,5
13896,17
6970,7
3925,4
13528,16
4158,5
7449,8
13140,16
13550,16
8415,9
2193,3
11328,13
12661,15
10016,11
1015,1
5124,6
13164,16
7418,8
7409,8
8989,9
2871,3
9,0
10136,11
1838,2
4804,5
255,1
7026,7
5713,6
12677,15
3324,4
7714,8
1581,2
11148,12
924,1
2779,3
10700,11
7891,8
6132,7
13216,16
5320,6
7312,8
7102,8
6042,7
3775,4
4835,5
12328,14
4964,5
10971,12
539,1
7483,8
2745,3
3719,4
14006,17
6819,7
13659,16
9337,10
13319,16
4468,5
667,1
7575,8
11211,12
8549,9
5063,6
11023,12
10975,12
1353,2
13323,16
7114,8
14352,17
8662,9
2703,3
3330,4
8053,9
11829,14
9588,10
3584,4
13873,17
13454,16
5645,6
3376,4
1256,2
6190,7
11704,13
9442,10
5348,6
11003,12
12490,14
11476,13
11125,12
4175,5
13460,16
4910,5
1852,2
6316,7
12972,16
14470,17
2105,3
133,0
13428,16
5029,5
928,1
823,1
7576,8
11632,13
1531,2
1214,2
504,1
12477,14
10188,11
6530,7
3072,4
10150,11
9576,10
9086,10
13116,16
8647,9
6619,7
9273,10
3709,4
14079,17
4849,5
4748,5
4268,5
11714,13
12326,14
11794,14
14504,17
8905,9
4186,5
10406,11
5301,6
2923,3
6588,7
1810,2
3486,4
7419,8
3141,4
10019,11
9347,10
1324,2
4312,5
7494,8
8702,9
9872,11
8691,9
13956,17
10048,11
9580,10
13807,17
11911,14
10578,11
5541,6
11428,13
6172,7
1540,2
9409,10
2681,3
14508,17
11185,12
13704,17
6313,7
1191,2
5293,6
1542,2
11493,13
11516,13
7056,8
2539,3
953,1
7241,8
6731,7
4846,5
6801,7
8010,8
4330,5
8924,9
5334,6
7330,8
9348,10
4729,5
11486,13
6541,7
11174,12
5305,6
5161,6
7860,8
2156,3
1062,1
10808,11
1167,1
11414,13
3636,4
7651,8
5588,6
11130,12
7192,8
4491,5
7266,8
11332,13
4980,5
8335,9
14610,17
11769,14
4946,5
2782,3
717,1
10011,11
2502,3
4360,5
4171,5
8082,9
14329,17
395,1
13923,17
7186,8
14418,17
4492,5
1365,2
13988,17
8787,9
12144,14
13584,16
5917,6
4968,5
2914,3
10518,11
5644,6
3766,4
3440,4
12043,14
12324,14
7357,8
6806,7
9879,11
2143,3
5104,6
5073,6
1571,2
4079,5
1122,1
2786,3
2967,3
2504,3
5988,6
11657,13
8867,9
11000,12
7164,8
11540,13
728,1
7587,8
7543,8
412,1
11338,13
9708,10
5745,6
7668,8
825,1
3267,4
3974,4
8808,9
8306,9
417,1
11261,12
9817,10
6748,7
8967,9
12377,14
11088,12
14165,17
2082,3
8945,9
10738,11
12161,14
3373,4
5726,6
4107,5
10636,11
4380,5
7723,8
1066,1
3913,4
13479,16
5536,6
8002,8
5387,6
5732,6
11690,13
2738,3
5052,6
4000,4
9760,10
2427,3
11938,14
6833,7
10123,11
1687,2
851,1
11738,13
6303,7
9087,10
12784,16
5878,6
8527,9
2839,3
11279,13
4611,5
9540,10
9207,10
11008,12
9823,10
2489,3
11922,14
6905,7
7390,8
11443,13
2849,3
6665,7
5881,6
10262,11
4452,5
9949,11
7421,8
13600,16
9827,10
12838,16
6484,7
2479,3
6617,7
10457,11
11151,12
13515,16
14259,17
11251,12
13245,16
14061,17
2141,3
13296,16
11310,13
5188,6
14247,17
12237,14
11548,13
2744,3
7253,8
13284,16
3506,4
1679,2
4249,5
3147,4
8130,9
10486,11
7004,7
580,1
9662,10
12991,16
4070,5
13500,16
3343,4
13184,16
7404,8
12775,16
3672,4
559,1
5237,6
7805,8
13407,16
11041,12
512,1
12921,16
1081,1
1664,2
9204,10
1931,2
14198,17
1150,1
2838,3
5949,6
8308,9
8932,9
14370,17
5177,6
11867,14
14098,17
830,1
8311,9
4752,5
14327,17
14270,17
14593,17
635,1
4465,5
12556,15
6799,7
7987,8
7079,8
6966,7
4142,5
7027,7
9183,10
876,1
4869,5
5315,6
5222,6
4,0
3051,4
5691,6
3124,4
10852,11
2491,3
13365,16
3854,4
13125,16
4777,5
9907,11
7509,8
6457,7
6293,7
1148,1
11453,13
574,1
3769,4
11928,14
4146,5
853,1
10174,11
10966,12
5919,6
13121,16
13403,16
9358,10
6614,7
6002,6
9163,10
10893,12
4495,5
8173,9
6655,7
12039,14
2368,3
12307,14
4780,5
12323,14
7992,8
2950,3
5625,6
6971,7
8716,9
10647,11
13208,16
1841,2
5986,6
537,1
2806,3
5801,6
5596,6
7206,8
7343,8
12533,14
7560,8
8096,9
11367,13
784,1
12249,14
1409,2
10729,11
154,0
7806,8
3009,3
1686,2
11093,12
4014,4
7455,8
12913,16
3863,4
2733,3
1895,2
5442,6
569,1
6709,7
5854,6
1816,2
10257,11
8319,9
3394,4
3327,4
14653,17
6102,7
2975,3
980,1
10492,11
190,1
9331,10
5088,6
699,1
14328,17
606,1
12468,14
301,1
3420,4
14391,17
1060,1
14056,17
10757,11
3444,4
1069,1
10716,11
2205,3
9435,10
7339,8
8208,9
7679,8
11312,13
13503,16
4642,5
7683,8
12946,16
9007,9
7996,8
11259,12
12740,16
5600,6
9151,10
7022,7
4893,5
225,1
3354,4
5895,6
10677,11
8754,9
3436,4
1693,2
6893,7
1045,1
3446,4
12757,16
8050,9
9146,10
14652,17
10927,12
11296,13
4735,5
4496,5
1218,2
13446,16
13703,17
6015,6
9719,10
3987,4
4911,5
9492,10
4493,5
6944,7
5699,6
8352,9
12259,14
13992,17
956,1
11983,14
11426,13
2869,3
11969,14
4433,5
4973,5
14207,17
2961,3
14172,17
2200,3
98,0
14463,17
2557,3
11375,13
8445,9
12115,14
4199,5
9637,10
5539,6
1648,2
12874,16
12915,16
12183,14
9888,11
11383,13
6197,7
6295,7
4499,5
1154,1
2255,3
9874,11
3170,4
7400,8
10248,11
7158,8
12282,14
14483,17
3108,4
4548,5
11915,14
5423,6
2049,3
13168,16
11835,14
9208,10
8815,9
14383,17
14075,17
262,1
13922,17
11561,13
4061,5
5534,6
14257,17
6616,7
8120,9
8155,9
1802,2
4736,5
14664,17
2385,3
6694,7
5759,6
1959,2
2976,3
8680,9
1843,2
1734,2
2911,3
11411,13
8338,9
13822,17
1986,2
9561,10
6546,7
14243,17
7098,8
2811,3
659,1
9986,11
2511,3
11589,13
4282,5
9339,10
11464,13
8800,9
6287,7
11774,14
1930,2
7125,8
197,1
7777,8
2931,3
8004,8
2327,3
4389,5
8958,9
12688,15
4218,5
11447,13
202,1
3510,4
4931,5
5535,6
9925,11
5791,6
10969,12
1707,2
5172,6
5249,6
13949,17
11666,13
6528,7
14460,17
5855,6
8164,9
854,1
13877,17
4737,5
12289,14
10352,11
698,1
11344,13
11191,12
3696,4
1636,2
7280,8
7554,8
11649,13
3581,4
1291,2
12851,16
6585,7
13808,17
1853,2
5232,6
3763,4
3304,4
1495,2
13919,17
11935,14
11637,13
7994,8
1998,2
663,1
12971,16
13545,16
3748,4
4413,5
12936,16
5530,6
5575,6
8901,9
7526,8
9474,10
5864,6
13260,16
10867,12
6776,7
12221,14
1306,2
13688,17
13696,17
7392,8
10429,11
11494,13
5592,6
10230,11
9721,10
1663,2
5450,6
14584,17
14612,17
3627,4
13931,17
13339,16
13083,16
2693,3
11252,12
9789,10
10921,12
10817,11
5915,6
3157,4
11506,13
9914,11
13471,16
6668,7
1059,1
4636,5
3242,4
1678,2
6892,7
6374,7
7574,8
1757,2
6019,6
12383,14
5116,6
8755,9
7408,8
2790,3
863,1
7858,8
1484,2
7035,8
7721,8
5977,6
5134,6
206,1
4488,5
6938,7
9062,10
12685,15
6910,7
502,1
7385,8
1028,1
3840,4
10882,12
13773,17
8110,9
5056,6
9762,10
8154,9
10965,12
14183,17
2731,3
14434,17
8996,9
14039,17
11837,14
2454,3
12790,16
7215,8
3104,4
13067,16
14151,17
8392,9
6278,7
3099,4
6184,7
10470,11
3561,4
5892,6
12666,15
12706,16
13986,17
391,1
6736,7
5618,6
5258,6
9687,10
2695,3
2027,2
13440,16
5463,6
2568,3
8006,8
64,0
12076,14
2062,3
5276,6
7208,8
8684,9
8571,9
6331,7
4859,5
14552,17
12185,14
4887,5
9268,10
878,1
8529,9
7916,8
6863,7
7892,8
6439,7
7869,8
1016,1
9467,10
11990,14
7629,8
12743,16
11534,13
13103,16
995,1
10173,11
4297,5
161,0
5675,6
6873,7
12990,16
9692,10
7989,8
3843,4
13417,16
10805,11
11653,13
1021,1
3073,4
7555,8
3943,4
1585,2
10147,11
3152,4
14541,17
8226,9
12206,14
775,1
10748,11
9670,10
7099,8
5486,6
6235,7
9555,10
7041,8
2612,3
7513,8
11016,12
10233,11
8433,9
10253,11
10555,11
8792,9
10627,11
5393,6
14502,17
11080,12
14356,17
8838,9
3890,4
3556,4
11394,13
1528,2
1267,2
7734,8
1899,2
4658,5
3005,3
2734,3
189,1
9998,11
9167,10
2747,3
2047,3
7849,8
2558,3
9274,10
8666,9
11096,12
13035,16
6396,7
12309,14
3385,4
4555,5
1184,2
6420,7
5051,6
5311,6
2433,3
6949,7
13803,17
10583,11
769,1
1685,2
8322,9
11111,12
11363,13
11636,13
14423,17
5578,6
4426,5
13526,16
466,1
6265,7
5734,6
11284,13
11964,14
5191,6
13418,16
5390,6
860,1
7270,8
